x*,z*_ini,z*_fin
-6.674,-5.445,-5.444
-6.671,-5.445,-5.442
-6.667,-5.445,-5.441
-6.664,-5.445,-5.443
-6.661,-5.444,-5.443
-6.657,-5.442,-5.444
-6.654,-5.441,-5.444
-6.651,-5.441,-5.442
-6.647,-5.442,-5.439
-6.644,-5.443,-5.438
-6.641,-5.443,-5.438
-6.637,-5.441,-5.44
-6.634,-5.441,-5.442
-6.631,-5.441,-5.442
-6.627,-5.44,-5.439
-6.624,-5.441,-5.438
-6.621,-5.442,-5.438
-6.617,-5.442,-5.44
-6.614,-5.442,-5.441
-6.611,-5.441,-5.44
-6.607,-5.44,-5.437
-6.604,-5.44,-5.436
-6.601,-5.439,-5.437
-6.597,-5.438,-5.438
-6.594,-5.439,-5.439
-6.591,-5.439,-5.44
-6.587,-5.437,-5.439
-6.584,-5.435,-5.438
-6.581,-5.436,-5.438
-6.577,-5.437,-5.44
-6.574,-5.437,-5.44
-6.571,-5.436,-5.438
-6.567,-5.437,-5.439
-6.564,-5.438,-5.44
-6.561,-5.439,-5.441
-6.557,-5.44,-5.438
-6.554,-5.44,-5.439
-6.551,-5.44,-5.439
-6.547,-5.441,-5.44
-6.544,-5.443,-5.44
-6.541,-5.445,-5.441
-6.537,-5.446,-5.441
-6.534,-5.447,-5.441
-6.531,-5.447,-5.441
-6.527,-5.446,-5.441
-6.524,-5.444,-5.443
-6.521,-5.442,-5.444
-6.517,-5.441,-5.444
-6.514,-5.44,-5.443
-6.511,-5.441,-5.443
-6.507,-5.442,-5.445
-6.504,-5.443,-5.446
-6.501,-5.444,-5.445
-6.497,-5.445,-5.445
-6.494,-5.447,-5.446
-6.491,-5.448,-5.446
-6.487,-5.448,-5.447
-6.484,-5.449,-5.447
-6.481,-5.449,-5.447
-6.477,-5.451,-5.448
-6.474,-5.451,-5.451
-6.471,-5.452,-5.451
-6.467,-5.452,-5.449
-6.464,-5.452,-5.451
-6.461,-5.453,-5.453
-6.457,-5.454,-5.452
-6.454,-5.454,-5.451
-6.451,-5.453,-5.452
-6.447,-5.453,-5.454
-6.444,-5.455,-5.455
-6.441,-5.458,-5.456
-6.437,-5.456,-5.455
-6.434,-5.454,-5.453
-6.431,-5.456,-5.453
-6.427,-5.456,-5.454
-6.424,-5.455,-5.453
-6.421,-5.455,-5.452
-6.417,-5.457,-5.453
-6.414,-5.458,-5.454
-6.411,-5.459,-5.455
-6.407,-5.459,-5.456
-6.404,-5.459,-5.455
-6.401,-5.46,-5.456
-6.397,-5.46,-5.457
-6.394,-5.462,-5.458
-6.391,-5.461,-5.456
-6.387,-5.462,-5.456
-6.384,-5.461,-5.457
-6.381,-5.46,-5.459
-6.377,-5.459,-5.459
-6.374,-5.459,-5.458
-6.371,-5.459,-5.457
-6.367,-5.455,-5.458
-6.364,-5.456,-5.46
-6.361,-5.457,-5.463
-6.357,-5.46,-5.461
-6.354,-5.46,-5.461
-6.351,-5.461,-5.459
-6.347,-5.463,-5.458
-6.344,-5.463,-5.459
-6.341,-5.462,-5.46
-6.337,-5.461,-5.46
-6.334,-5.461,-5.459
-6.331,-5.459,-5.46
-6.327,-5.458,-5.461
-6.324,-5.459,-5.462
-6.321,-5.461,-5.462
-6.317,-5.462,-5.463
-6.314,-5.463,-5.464
-6.311,-5.464,-5.463
-6.307,-5.463,-5.461
-6.304,-5.461,-5.46
-6.301,-5.461,-5.46
-6.297,-5.462,-5.463
-6.294,-5.464,-5.463
-6.291,-5.464,-5.462
-6.287,-5.465,-5.459
-6.284,-5.464,-5.458
-6.281,-5.465,-5.457
-6.277,-5.465,-5.46
-6.274,-5.466,-5.462
-6.271,-5.466,-5.461
-6.267,-5.463,-5.462
-6.264,-5.463,-5.463
-6.261,-5.464,-5.464
-6.257,-5.463,-5.464
-6.254,-5.463,-5.464
-6.251,-5.464,-5.463
-6.247,-5.465,-5.462
-6.244,-5.465,-5.461
-6.241,-5.462,-5.463
-6.237,-5.463,-5.464
-6.234,-5.462,-5.462
-6.231,-5.461,-5.459
-6.227,-5.461,-5.456
-6.224,-5.461,-5.455
-6.221,-5.46,-5.456
-6.217,-5.461,-5.459
-6.214,-5.463,-5.458
-6.211,-5.464,-5.455
-6.207,-5.464,-5.453
-6.204,-5.463,-5.454
-6.201,-5.462,-5.457
-6.197,-5.461,-5.458
-6.194,-5.459,-5.457
-6.191,-5.458,-5.457
-6.187,-5.458,-5.458
-6.184,-5.459,-5.459
-6.181,-5.46,-5.46
-6.177,-5.461,-5.461
-6.174,-5.459,-5.459
-6.171,-5.457,-5.456
-6.167,-5.459,-5.456
-6.164,-5.459,-5.456
-6.161,-5.458,-5.457
-6.157,-5.457,-5.458
-6.154,-5.458,-5.458
-6.151,-5.462,-5.458
-6.147,-5.463,-5.457
-6.144,-5.461,-5.455
-6.141,-5.457,-5.454
-6.137,-5.455,-5.454
-6.134,-5.454,-5.453
-6.131,-5.454,-5.454
-6.127,-5.456,-5.452
-6.124,-5.455,-5.451
-6.121,-5.455,-5.453
-6.117,-5.455,-5.453
-6.114,-5.454,-5.453
-6.111,-5.454,-5.455
-6.107,-5.454,-5.454
-6.104,-5.454,-5.453
-6.101,-5.453,-5.452
-6.097,-5.453,-5.452
-6.094,-5.454,-5.452
-6.091,-5.455,-5.45
-6.087,-5.454,-5.45
-6.084,-5.451,-5.451
-6.081,-5.451,-5.452
-6.077,-5.451,-5.451
-6.074,-5.451,-5.452
-6.071,-5.451,-5.449
-6.067,-5.451,-5.445
-6.064,-5.45,-5.446
-6.061,-5.449,-5.451
-6.057,-5.451,-5.451
-6.054,-5.453,-5.45
-6.051,-5.452,-5.446
-6.047,-5.452,-5.445
-6.044,-5.452,-5.445
-6.041,-5.451,-5.447
-6.037,-5.451,-5.45
-6.034,-5.45,-5.45
-6.031,-5.451,-5.449
-6.027,-5.45,-5.448
-6.024,-5.451,-5.448
-6.021,-5.451,-5.448
-6.017,-5.45,-5.45
-6.014,-5.448,-5.451
-6.011,-5.447,-5.45
-6.007,-5.447,-5.449
-6.004,-5.448,-5.448
-6.001,-5.448,-5.446
-5.997,-5.445,-5.445
-5.994,-5.445,-5.445
-5.991,-5.447,-5.446
-5.987,-5.448,-5.446
-5.984,-5.446,-5.446
-5.981,-5.446,-5.445
-5.977,-5.446,-5.446
-5.974,-5.448,-5.445
-5.971,-5.449,-5.445
-5.967,-5.449,-5.447
-5.964,-5.448,-5.447
-5.961,-5.448,-5.445
-5.957,-5.45,-5.444
-5.954,-5.45,-5.445
-5.951,-5.451,-5.444
-5.947,-5.451,-5.443
-5.944,-5.45,-5.443
-5.941,-5.447,-5.445
-5.937,-5.443,-5.446
-5.934,-5.442,-5.447
-5.931,-5.443,-5.447
-5.927,-5.444,-5.445
-5.924,-5.445,-5.442
-5.921,-5.446,-5.439
-5.917,-5.445,-5.442
-5.914,-5.442,-5.444
-5.911,-5.441,-5.443
-5.907,-5.443,-5.44
-5.904,-5.444,-5.442
-5.901,-5.444,-5.444
-5.898,-5.444,-5.444
-5.894,-5.443,-5.444
-5.891,-5.442,-5.445
-5.888,-5.443,-5.445
-5.884,-5.444,-5.444
-5.881,-5.444,-5.444
-5.878,-5.444,-5.443
-5.874,-5.444,-5.443
-5.871,-5.445,-5.444
-5.868,-5.445,-5.444
-5.864,-5.445,-5.444
-5.861,-5.446,-5.444
-5.858,-5.446,-5.444
-5.854,-5.446,-5.444
-5.851,-5.447,-5.443
-5.848,-5.447,-5.443
-5.844,-5.448,-5.443
-5.841,-5.449,-5.442
-5.838,-5.449,-5.443
-5.834,-5.447,-5.444
-5.831,-5.447,-5.444
-5.828,-5.448,-5.445
-5.824,-5.449,-5.447
-5.821,-5.449,-5.448
-5.818,-5.448,-5.447
-5.814,-5.449,-5.445
-5.811,-5.45,-5.446
-5.808,-5.45,-5.445
-5.804,-5.447,-5.446
-5.801,-5.446,-5.444
-5.798,-5.445,-5.441
-5.794,-5.441,-5.44
-5.791,-5.44,-5.438
-5.788,-5.439,-5.437
-5.784,-5.438,-5.438
-5.781,-5.439,-5.439
-5.778,-5.44,-5.44
-5.774,-5.439,-5.438
-5.771,-5.436,-5.436
-5.768,-5.43,-5.436
-5.764,-5.424,-5.433
-5.761,-5.42,-5.425
-5.758,-5.417,-5.413
-5.754,-5.413,-5.406
-5.751,-5.407,-5.401
-5.748,-5.402,-5.4
-5.744,-5.402,-5.402
-5.741,-5.4,-5.407
-5.738,-5.396,-5.4
-5.734,-5.389,-5.392
-5.731,-5.383,-5.385
-5.728,-5.38,-5.38
-5.724,-5.378,-5.375
-5.721,-5.373,-5.369
-5.718,-5.367,-5.364
-5.714,-5.362,-5.364
-5.711,-5.357,-5.362
-5.708,-5.352,-5.35
-5.704,-5.348,-5.345
-5.701,-5.34,-5.336
-5.698,-5.337,-5.338
-5.694,-5.331,-5.331
-5.691,-5.321,-5.317
-5.688,-5.311,-5.32
-5.684,-5.307,-5.325
-5.681,-5.304,-5.32
-5.678,-5.301,-5.305
-5.674,-5.296,-5.297
-5.671,-5.29,-5.29
-5.668,-5.285,-5.29
-5.664,-5.28,-5.285
-5.661,-5.279,-5.284
-5.658,-5.28,-5.29
-5.654,-5.276,-5.292
-5.651,-5.271,-5.279
-5.648,-5.268,-5.261
-5.644,-5.262,-5.254
-5.641,-5.254,-5.246
-5.638,-5.244,-5.247
-5.634,-5.241,-5.254
-5.631,-5.239,-5.256
-5.628,-5.238,-5.253
-5.624,-5.238,-5.246
-5.621,-5.238,-5.236
-5.618,-5.234,-5.225
-5.614,-5.228,-5.219
-5.611,-5.221,-5.222
-5.608,-5.216,-5.22
-5.604,-5.211,-5.225
-5.601,-5.209,-5.219
-5.598,-5.197,-5.211
-5.594,-5.195,-5.195
-5.591,-5.194,-5.182
-5.588,-5.187,-5.176
-5.584,-5.182,-5.18
-5.581,-5.176,-5.188
-5.578,-5.17,-5.196
-5.574,-5.168,-5.189
-5.571,-5.164,-5.182
-5.568,-5.16,-5.163
-5.564,-5.155,-5.142
-5.561,-5.152,-5.134
-5.558,-5.146,-5.134
-5.554,-5.142,-5.143
-5.551,-5.138,-5.154
-5.548,-5.135,-5.155
-5.544,-5.132,-5.143
-5.541,-5.126,-5.137
-5.538,-5.123,-5.127
-5.534,-5.119,-5.11
-5.531,-5.119,-5.094
-5.528,-5.117,-5.088
-5.524,-5.113,-5.092
-5.521,-5.108,-5.101
-5.518,-5.104,-5.11
-5.514,-5.102,-5.108
-5.511,-5.093,-5.1
-5.508,-5.082,-5.092
-5.504,-5.08,-5.08
-5.501,-5.083,-5.073
-5.498,-5.08,-5.072
-5.494,-5.074,-5.071
-5.491,-5.065,-5.067
-5.488,-5.058,-5.064
-5.484,-5.055,-5.064
-5.481,-5.055,-5.062
-5.478,-5.055,-5.057
-5.474,-5.049,-5.053
-5.471,-5.044,-5.05
-5.468,-5.044,-5.044
-5.464,-5.043,-5.039
-5.461,-5.041,-5.035
-5.458,-5.032,-5.035
-5.454,-5.023,-5.034
-5.451,-5.017,-5.032
-5.448,-5.016,-5.024
-5.444,-5.012,-5.017
-5.441,-5.008,-5.011
-5.438,-5.006,-5.008
-5.434,-5.003,-5.006
-5.431,-5,-4.999
-5.428,-4.995,-4.991
-5.424,-4.987,-4.988
-5.421,-4.975,-4.989
-5.418,-4.969,-4.987
-5.414,-4.965,-4.98
-5.411,-4.96,-4.976
-5.408,-4.955,-4.968
-5.404,-4.953,-4.965
-5.401,-4.949,-4.959
-5.398,-4.946,-4.953
-5.394,-4.943,-4.943
-5.391,-4.94,-4.945
-5.388,-4.938,-4.93
-5.384,-4.937,-4.929
-5.381,-4.938,-4.933
-5.378,-4.937,-4.942
-5.374,-4.931,-4.944
-5.371,-4.923,-4.946
-5.368,-4.921,-4.943
-5.364,-4.921,-4.933
-5.361,-4.918,-4.92
-5.358,-4.912,-4.906
-5.354,-4.906,-4.905
-5.351,-4.9,-4.91
-5.348,-4.897,-4.916
-5.344,-4.895,-4.914
-5.341,-4.89,-4.911
-5.338,-4.886,-4.902
-5.334,-4.886,-4.899
-5.331,-4.884,-4.883
-5.328,-4.878,-4.88
-5.324,-4.872,-4.878
-5.321,-4.87,-4.883
-5.318,-4.87,-4.888
-5.314,-4.867,-4.888
-5.311,-4.863,-4.88
-5.308,-4.857,-4.874
-5.304,-4.855,-4.862
-5.301,-4.854,-4.843
-5.298,-4.854,-4.852
-5.294,-4.85,-4.852
-5.291,-4.846,-4.854
-5.288,-4.843,-4.857
-5.284,-4.838,-4.856
-5.281,-4.835,-4.852
-5.278,-4.835,-4.849
-5.274,-4.83,-4.834
-5.271,-4.826,-4.814
-5.268,-4.822,-4.814
-5.264,-4.814,-4.823
-5.261,-4.807,-4.818
-5.258,-4.804,-4.818
-5.254,-4.802,-4.822
-5.251,-4.8,-4.821
-5.248,-4.796,-4.817
-5.244,-4.795,-4.812
-5.241,-4.795,-4.804
-5.238,-4.796,-4.798
-5.234,-4.794,-4.794
-5.231,-4.79,-4.785
-5.228,-4.786,-4.782
-5.224,-4.785,-4.788
-5.221,-4.78,-4.793
-5.218,-4.774,-4.792
-5.214,-4.774,-4.798
-5.211,-4.779,-4.794
-5.208,-4.776,-4.788
-5.204,-4.777,-4.786
-5.201,-4.777,-4.784
-5.198,-4.777,-4.779
-5.194,-4.776,-4.773
-5.191,-4.771,-4.77
-5.188,-4.764,-4.767
-5.184,-4.763,-4.767
-5.181,-4.762,-4.769
-5.178,-4.76,-4.769
-5.174,-4.755,-4.767
-5.171,-4.755,-4.762
-5.168,-4.754,-4.757
-5.164,-4.752,-4.751
-5.161,-4.75,-4.749
-5.158,-4.746,-4.75
-5.154,-4.74,-4.755
-5.151,-4.736,-4.759
-5.148,-4.733,-4.759
-5.144,-4.73,-4.748
-5.141,-4.726,-4.737
-5.138,-4.722,-4.719
-5.134,-4.718,-4.709
-5.131,-4.714,-4.711
-5.128,-4.709,-4.718
-5.124,-4.703,-4.726
-5.121,-4.699,-4.728
-5.118,-4.696,-4.731
-5.114,-4.695,-4.728
-5.111,-4.694,-4.713
-5.108,-4.693,-4.694
-5.105,-4.691,-4.679
-5.101,-4.689,-4.676
-5.098,-4.685,-4.682
-5.095,-4.681,-4.688
-5.091,-4.679,-4.695
-5.088,-4.678,-4.699
-5.085,-4.676,-4.698
-5.081,-4.67,-4.699
-5.078,-4.666,-4.685
-5.075,-4.666,-4.662
-5.071,-4.668,-4.65
-5.068,-4.666,-4.648
-5.065,-4.661,-4.649
-5.061,-4.658,-4.654
-5.058,-4.657,-4.661
-5.055,-4.656,-4.667
-5.051,-4.653,-4.675
-5.048,-4.648,-4.669
-5.045,-4.643,-4.651
-5.041,-4.64,-4.634
-5.038,-4.639,-4.622
-5.035,-4.636,-4.62
-5.031,-4.633,-4.624
-5.028,-4.631,-4.629
-5.025,-4.628,-4.638
-5.021,-4.626,-4.641
-5.018,-4.623,-4.639
-5.015,-4.618,-4.634
-5.011,-4.612,-4.624
-5.008,-4.61,-4.607
-5.005,-4.609,-4.596
-5.001,-4.608,-4.593
-4.998,-4.609,-4.597
-4.995,-4.606,-4.603
-4.991,-4.6,-4.61
-4.988,-4.593,-4.62
-4.985,-4.591,-4.619
-4.981,-4.588,-4.605
-4.978,-4.583,-4.583
-4.975,-4.578,-4.565
-4.971,-4.576,-4.56
-4.968,-4.571,-4.563
-4.965,-4.568,-4.571
-4.961,-4.565,-4.581
-4.958,-4.563,-4.587
-4.955,-4.562,-4.591
-4.951,-4.561,-4.588
-4.948,-4.557,-4.579
-4.945,-4.548,-4.566
-4.941,-4.545,-4.55
-4.938,-4.547,-4.539
-4.935,-4.548,-4.539
-4.931,-4.545,-4.551
-4.928,-4.547,-4.559
-4.925,-4.542,-4.565
-4.921,-4.537,-4.565
-4.918,-4.532,-4.558
-4.915,-4.526,-4.544
-4.911,-4.526,-4.526
-4.908,-4.528,-4.512
-4.905,-4.525,-4.505
-4.901,-4.52,-4.507
-4.898,-4.519,-4.511
-4.895,-4.52,-4.515
-4.891,-4.519,-4.517
-4.888,-4.516,-4.518
-4.885,-4.513,-4.512
-4.881,-4.511,-4.495
-4.878,-4.508,-4.474
-4.875,-4.506,-4.459
-4.871,-4.502,-4.457
-4.868,-4.496,-4.469
-4.865,-4.487,-4.485
-4.861,-4.479,-4.494
-4.858,-4.471,-4.498
-4.855,-4.465,-4.495
-4.851,-4.461,-4.476
-4.848,-4.455,-4.457
-4.845,-4.448,-4.438
-4.841,-4.442,-4.425
-4.838,-4.436,-4.424
-4.835,-4.428,-4.43
-4.831,-4.423,-4.439
-4.828,-4.419,-4.447
-4.825,-4.415,-4.449
-4.821,-4.409,-4.436
-4.818,-4.402,-4.419
-4.815,-4.396,-4.4
-4.811,-4.392,-4.37
-4.808,-4.39,-4.356
-4.805,-4.388,-4.365
-4.801,-4.385,-4.382
-4.798,-4.382,-4.397
-4.795,-4.374,-4.405
-4.791,-4.369,-4.394
-4.788,-4.366,-4.395
-4.785,-4.362,-4.384
-4.781,-4.36,-4.364
-4.778,-4.358,-4.355
-4.775,-4.355,-4.359
-4.771,-4.352,-4.349
-4.768,-4.349,-4.347
-4.765,-4.346,-4.354
-4.761,-4.348,-4.362
-4.758,-4.349,-4.364
-4.755,-4.344,-4.353
-4.751,-4.34,-4.344
-4.748,-4.334,-4.335
-4.745,-4.325,-4.33
-4.741,-4.315,-4.331
-4.738,-4.31,-4.333
-4.735,-4.31,-4.329
-4.731,-4.31,-4.327
-4.728,-4.304,-4.332
-4.725,-4.301,-4.331
-4.721,-4.299,-4.319
-4.718,-4.293,-4.297
-4.715,-4.287,-4.287
-4.711,-4.284,-4.283
-4.708,-4.283,-4.29
-4.705,-4.281,-4.3
-4.701,-4.279,-4.3
-4.698,-4.275,-4.299
-4.695,-4.27,-4.295
-4.691,-4.267,-4.274
-4.688,-4.263,-4.263
-4.685,-4.259,-4.251
-4.681,-4.256,-4.242
-4.678,-4.253,-4.247
-4.675,-4.25,-4.252
-4.671,-4.245,-4.261
-4.668,-4.237,-4.264
-4.665,-4.231,-4.256
-4.661,-4.227,-4.248
-4.658,-4.218,-4.239
-4.655,-4.213,-4.221
-4.651,-4.212,-4.206
-4.648,-4.209,-4.197
-4.645,-4.208,-4.2
-4.641,-4.205,-4.199
-4.638,-4.202,-4.206
-4.635,-4.199,-4.214
-4.631,-4.197,-4.212
-4.628,-4.194,-4.208
-4.625,-4.189,-4.207
-4.621,-4.189,-4.196
-4.618,-4.189,-4.183
-4.615,-4.19,-4.171
-4.611,-4.187,-4.178
-4.608,-4.179,-4.167
-4.605,-4.175,-4.168
-4.601,-4.17,-4.169
-4.598,-4.168,-4.167
-4.595,-4.167,-4.174
-4.591,-4.166,-4.177
-4.588,-4.161,-4.17
-4.585,-4.154,-4.161
-4.581,-4.144,-4.157
-4.578,-4.14,-4.162
-4.575,-4.139,-4.156
-4.571,-4.138,-4.135
-4.568,-4.135,-4.123
-4.565,-4.132,-4.123
-4.561,-4.132,-4.128
-4.558,-4.131,-4.133
-4.555,-4.126,-4.138
-4.551,-4.121,-4.14
-4.548,-4.119,-4.139
-4.545,-4.12,-4.136
-4.541,-4.12,-4.139
-4.538,-4.116,-4.135
-4.535,-4.111,-4.117
-4.531,-4.104,-4.1
-4.528,-4.094,-4.094
-4.525,-4.089,-4.096
-4.521,-4.09,-4.1
-4.518,-4.093,-4.101
-4.515,-4.094,-4.101
-4.511,-4.09,-4.103
-4.508,-4.079,-4.105
-4.505,-4.069,-4.103
-4.501,-4.069,-4.096
-4.498,-4.069,-4.085
-4.495,-4.064,-4.072
-4.491,-4.06,-4.063
-4.488,-4.058,-4.058
-4.485,-4.059,-4.06
-4.481,-4.062,-4.062
-4.478,-4.062,-4.074
-4.475,-4.058,-4.078
-4.471,-4.053,-4.082
-4.468,-4.05,-4.077
-4.465,-4.048,-4.068
-4.461,-4.045,-4.051
-4.458,-4.042,-4.034
-4.455,-4.041,-4.026
-4.451,-4.034,-4.029
-4.448,-4.032,-4.035
-4.445,-4.029,-4.042
-4.441,-4.031,-4.048
-4.438,-4.032,-4.05
-4.435,-4.031,-4.051
-4.431,-4.027,-4.039
-4.428,-4.022,-4.018
-4.425,-4.017,-4.006
-4.421,-4.016,-4.005
-4.418,-4.016,-4.009
-4.415,-4.016,-4.015
-4.411,-4.013,-4.022
-4.408,-4.01,-4.025
-4.405,-4.007,-4.023
-4.401,-4.007,-4.022
-4.398,-4.006,-4.009
-4.395,-4.004,-3.993
-4.391,-4.001,-3.986
-4.388,-3.998,-3.988
-4.385,-3.996,-3.998
-4.381,-3.993,-4.002
-4.378,-3.988,-4.005
-4.375,-3.983,-4.003
-4.371,-3.98,-3.995
-4.368,-3.981,-3.993
-4.365,-3.978,-3.983
-4.361,-3.975,-3.974
-4.358,-3.974,-3.972
-4.355,-3.974,-3.974
-4.351,-3.971,-3.98
-4.348,-3.966,-3.982
-4.345,-3.961,-3.982
-4.341,-3.957,-3.979
-4.338,-3.953,-3.977
-4.335,-3.954,-3.972
-4.331,-3.952,-3.959
-4.328,-3.949,-3.951
-4.325,-3.944,-3.948
-4.322,-3.942,-3.946
-4.318,-3.941,-3.951
-4.315,-3.939,-3.956
-4.312,-3.936,-3.956
-4.308,-3.932,-3.959
-4.305,-3.928,-3.951
-4.302,-3.923,-3.943
-4.298,-3.92,-3.928
-4.295,-3.917,-3.928
-4.292,-3.918,-3.926
-4.288,-3.919,-3.929
-4.285,-3.918,-3.933
-4.282,-3.917,-3.932
-4.278,-3.917,-3.928
-4.275,-3.912,-3.933
-4.272,-3.905,-3.928
-4.268,-3.896,-3.926
-4.265,-3.889,-3.917
-4.262,-3.887,-3.908
-4.258,-3.884,-3.907
-4.255,-3.883,-3.903
-4.252,-3.879,-3.903
-4.248,-3.877,-3.903
-4.245,-3.875,-3.897
-4.242,-3.873,-3.901
-4.238,-3.872,-3.902
-4.235,-3.87,-3.909
-4.232,-3.868,-3.908
-4.228,-3.866,-3.898
-4.225,-3.861,-3.886
-4.222,-3.855,-3.879
-4.218,-3.853,-3.866
-4.215,-3.853,-3.863
-4.212,-3.851,-3.869
-4.208,-3.849,-3.869
-4.205,-3.847,-3.875
-4.202,-3.842,-3.869
-4.198,-3.839,-3.87
-4.195,-3.836,-3.866
-4.192,-3.832,-3.856
-4.188,-3.826,-3.843
-4.185,-3.821,-3.851
-4.182,-3.817,-3.845
-4.178,-3.821,-3.839
-4.175,-3.826,-3.842
-4.172,-3.827,-3.842
-4.168,-3.824,-3.839
-4.165,-3.823,-3.843
-4.162,-3.822,-3.839
-4.158,-3.818,-3.837
-4.155,-3.815,-3.828
-4.152,-3.814,-3.814
-4.148,-3.812,-3.822
-4.145,-3.811,-3.831
-4.142,-3.809,-3.825
-4.138,-3.806,-3.819
-4.135,-3.803,-3.818
-4.132,-3.8,-3.812
-4.128,-3.798,-3.81
-4.125,-3.795,-3.815
-4.122,-3.792,-3.808
-4.118,-3.791,-3.799
-4.115,-3.792,-3.791
-4.112,-3.791,-3.796
-4.108,-3.789,-3.802
-4.105,-3.788,-3.806
-4.102,-3.787,-3.8
-4.098,-3.783,-3.796
-4.095,-3.778,-3.792
-4.092,-3.778,-3.784
-4.088,-3.779,-3.791
-4.085,-3.778,-3.79
-4.082,-3.775,-3.788
-4.078,-3.769,-3.777
-4.075,-3.764,-3.775
-4.072,-3.761,-3.784
-4.068,-3.758,-3.792
-4.065,-3.755,-3.793
-4.062,-3.751,-3.781
-4.058,-3.749,-3.781
-4.055,-3.748,-3.777
-4.052,-3.75,-3.776
-4.048,-3.749,-3.763
-4.045,-3.749,-3.758
-4.042,-3.747,-3.756
-4.038,-3.744,-3.754
-4.035,-3.74,-3.754
-4.032,-3.735,-3.763
-4.028,-3.736,-3.767
-4.025,-3.74,-3.77
-4.022,-3.741,-3.765
-4.018,-3.738,-3.767
-4.015,-3.735,-3.764
-4.012,-3.731,-3.754
-4.008,-3.73,-3.741
-4.005,-3.732,-3.734
-4.002,-3.737,-3.738
-3.998,-3.739,-3.744
-3.995,-3.738,-3.75
-3.992,-3.734,-3.758
-3.988,-3.734,-3.762
-3.985,-3.735,-3.761
-3.982,-3.733,-3.761
-3.978,-3.732,-3.758
-3.975,-3.736,-3.748
-3.972,-3.739,-3.734
-3.968,-3.737,-3.719
-3.965,-3.734,-3.718
-3.962,-3.731,-3.726
-3.958,-3.73,-3.737
-3.955,-3.733,-3.747
-3.952,-3.736,-3.752
-3.948,-3.735,-3.749
-3.945,-3.732,-3.75
-3.942,-3.728,-3.745
-3.938,-3.726,-3.733
-3.935,-3.725,-3.713
-3.932,-3.72,-3.7
-3.928,-3.716,-3.704
-3.925,-3.716,-3.715
-3.922,-3.717,-3.725
-3.918,-3.716,-3.728
-3.915,-3.713,-3.729
-3.912,-3.711,-3.728
-3.908,-3.709,-3.726
-3.905,-3.708,-3.712
-3.902,-3.705,-3.696
-3.898,-3.702,-3.691
-3.895,-3.701,-3.687
-3.892,-3.7,-3.694
-3.888,-3.701,-3.703
-3.885,-3.7,-3.713
-3.882,-3.7,-3.715
-3.878,-3.695,-3.713
-3.875,-3.689,-3.706
-3.872,-3.687,-3.697
-3.868,-3.687,-3.675
-3.865,-3.683,-3.661
-3.862,-3.677,-3.664
-3.858,-3.673,-3.668
-3.855,-3.673,-3.68
-3.852,-3.671,-3.689
-3.848,-3.667,-3.693
-3.845,-3.663,-3.69
-3.842,-3.664,-3.681
-3.838,-3.664,-3.673
-3.835,-3.663,-3.661
-3.832,-3.661,-3.65
-3.828,-3.66,-3.651
-3.825,-3.657,-3.648
-3.822,-3.654,-3.656
-3.818,-3.653,-3.664
-3.815,-3.651,-3.672
-3.812,-3.647,-3.676
-3.808,-3.641,-3.667
-3.805,-3.635,-3.651
-3.802,-3.631,-3.634
-3.798,-3.633,-3.614
-3.795,-3.635,-3.606
-3.792,-3.634,-3.61
-3.788,-3.63,-3.623
-3.785,-3.624,-3.638
-3.782,-3.618,-3.645
-3.778,-3.615,-3.644
-3.775,-3.612,-3.635
-3.772,-3.607,-3.62
-3.768,-3.605,-3.592
-3.765,-3.601,-3.577
-3.762,-3.594,-3.576
-3.758,-3.588,-3.584
-3.755,-3.585,-3.588
-3.752,-3.585,-3.601
-3.748,-3.583,-3.609
-3.745,-3.58,-3.611
-3.742,-3.576,-3.604
-3.738,-3.572,-3.596
-3.735,-3.568,-3.576
-3.732,-3.564,-3.554
-3.728,-3.558,-3.543
-3.725,-3.555,-3.547
-3.722,-3.55,-3.55
-3.718,-3.543,-3.559
-3.715,-3.538,-3.571
-3.712,-3.535,-3.575
-3.708,-3.533,-3.574
-3.705,-3.531,-3.564
-3.702,-3.526,-3.548
-3.698,-3.519,-3.528
-3.695,-3.51,-3.516
-3.692,-3.501,-3.515
-3.688,-3.496,-3.519
-3.685,-3.493,-3.526
-3.682,-3.491,-3.53
-3.678,-3.489,-3.53
-3.675,-3.487,-3.535
-3.672,-3.487,-3.53
-3.668,-3.491,-3.517
-3.665,-3.493,-3.499
-3.662,-3.491,-3.487
-3.658,-3.489,-3.483
-3.655,-3.487,-3.484
-3.652,-3.483,-3.48
-3.648,-3.478,-3.485
-3.645,-3.475,-3.493
-3.642,-3.47,-3.5
-3.638,-3.465,-3.496
-3.635,-3.462,-3.471
-3.632,-3.46,-3.455
-3.628,-3.454,-3.451
-3.625,-3.447,-3.447
-3.622,-3.443,-3.453
-3.618,-3.439,-3.464
-3.615,-3.438,-3.467
-3.612,-3.436,-3.459
-3.608,-3.432,-3.452
-3.605,-3.428,-3.445
-3.602,-3.425,-3.436
-3.598,-3.421,-3.416
-3.595,-3.417,-3.409
-3.592,-3.414,-3.405
-3.588,-3.412,-3.417
-3.585,-3.409,-3.428
-3.582,-3.41,-3.43
-3.578,-3.408,-3.423
-3.575,-3.406,-3.414
-3.572,-3.397,-3.401
-3.568,-3.388,-3.388
-3.565,-3.382,-3.38
-3.562,-3.379,-3.367
-3.558,-3.379,-3.368
-3.555,-3.38,-3.375
-3.552,-3.377,-3.383
-3.548,-3.375,-3.387
-3.545,-3.37,-3.385
-3.542,-3.366,-3.378
-3.539,-3.361,-3.364
-3.535,-3.357,-3.344
-3.532,-3.355,-3.327
-3.529,-3.351,-3.319
-3.525,-3.346,-3.322
-3.522,-3.338,-3.334
-3.519,-3.334,-3.344
-3.515,-3.334,-3.35
-3.512,-3.332,-3.348
-3.509,-3.328,-3.34
-3.505,-3.321,-3.333
-3.502,-3.317,-3.317
-3.499,-3.311,-3.299
-3.495,-3.307,-3.295
-3.492,-3.305,-3.296
-3.489,-3.302,-3.305
-3.485,-3.3,-3.311
-3.482,-3.298,-3.31
-3.479,-3.293,-3.302
-3.475,-3.285,-3.293
-3.472,-3.276,-3.272
-3.469,-3.269,-3.255
-3.465,-3.262,-3.254
-3.462,-3.255,-3.257
-3.459,-3.251,-3.254
-3.455,-3.251,-3.257
-3.452,-3.248,-3.263
-3.449,-3.243,-3.264
-3.445,-3.239,-3.258
-3.442,-3.234,-3.247
-3.439,-3.232,-3.229
-3.435,-3.23,-3.224
-3.432,-3.23,-3.225
-3.429,-3.229,-3.22
-3.425,-3.225,-3.225
-3.422,-3.219,-3.231
-3.419,-3.214,-3.231
-3.415,-3.21,-3.226
-3.412,-3.206,-3.22
-3.409,-3.202,-3.205
-3.405,-3.198,-3.19
-3.402,-3.192,-3.19
-3.399,-3.188,-3.187
-3.395,-3.186,-3.189
-3.392,-3.183,-3.193
-3.389,-3.178,-3.198
-3.385,-3.175,-3.201
-3.382,-3.172,-3.187
-3.379,-3.17,-3.172
-3.375,-3.168,-3.161
-3.372,-3.164,-3.159
-3.369,-3.162,-3.16
-3.365,-3.16,-3.157
-3.362,-3.155,-3.156
-3.359,-3.153,-3.162
-3.355,-3.151,-3.165
-3.352,-3.145,-3.162
-3.349,-3.137,-3.158
-3.345,-3.133,-3.151
-3.342,-3.131,-3.146
-3.339,-3.131,-3.141
-3.335,-3.129,-3.134
-3.332,-3.13,-3.126
-3.329,-3.129,-3.126
-3.325,-3.125,-3.128
-3.322,-3.118,-3.127
-3.319,-3.114,-3.13
-3.315,-3.112,-3.13
-3.312,-3.111,-3.116
-3.309,-3.109,-3.103
-3.305,-3.106,-3.1
-3.302,-3.104,-3.098
-3.299,-3.101,-3.095
-3.295,-3.093,-3.087
-3.292,-3.085,-3.093
-3.289,-3.08,-3.102
-3.285,-3.08,-3.095
-3.282,-3.078,-3.09
-3.279,-3.074,-3.078
-3.275,-3.072,-3.067
-3.272,-3.068,-3.062
-3.269,-3.065,-3.055
-3.265,-3.063,-3.057
-3.262,-3.06,-3.066
-3.259,-3.058,-3.059
-3.255,-3.055,-3.058
-3.252,-3.051,-3.056
-3.249,-3.048,-3.06
-3.245,-3.043,-3.053
-3.242,-3.034,-3.046
-3.239,-3.028,-3.033
-3.235,-3.024,-3.013
-3.232,-3.022,-3.01
-3.229,-3.018,-3.015
-3.225,-3.015,-3.023
-3.222,-3.012,-3.028
-3.219,-3.009,-3.024
-3.215,-3.006,-3.018
-3.212,-3.006,-3.011
-3.209,-3.005,-3.005
-3.205,-3.002,-2.994
-3.202,-2.999,-2.979
-3.199,-2.995,-2.971
-3.195,-2.99,-2.975
-3.192,-2.985,-2.983
-3.189,-2.98,-2.992
-3.185,-2.976,-2.991
-3.182,-2.972,-2.983
-3.179,-2.969,-2.981
-3.175,-2.963,-2.97
-3.172,-2.955,-2.955
-3.169,-2.946,-2.952
-3.165,-2.945,-2.941
-3.162,-2.945,-2.935
-3.159,-2.942,-2.935
-3.155,-2.939,-2.94
-3.152,-2.937,-2.945
-3.149,-2.934,-2.947
-3.145,-2.931,-2.943
-3.142,-2.926,-2.941
-3.139,-2.922,-2.926
-3.135,-2.918,-2.903
-3.132,-2.915,-2.885
-3.129,-2.91,-2.878
-3.125,-2.905,-2.883
-3.122,-2.9,-2.893
-3.119,-2.896,-2.9
-3.115,-2.893,-2.904
-3.112,-2.89,-2.903
-3.109,-2.888,-2.904
-3.105,-2.886,-2.896
-3.102,-2.883,-2.879
-3.099,-2.876,-2.856
-3.095,-2.869,-2.839
-3.092,-2.863,-2.832
-3.089,-2.86,-2.83
-3.085,-2.857,-2.831
-3.082,-2.855,-2.839
-3.079,-2.851,-2.846
-3.075,-2.845,-2.851
-3.072,-2.837,-2.855
-3.069,-2.835,-2.848
-3.065,-2.83,-2.836
-3.062,-2.824,-2.814
-3.059,-2.818,-2.789
-3.055,-2.81,-2.773
-3.052,-2.804,-2.765
-3.049,-2.801,-2.76
-3.045,-2.799,-2.764
-3.042,-2.795,-2.776
-3.039,-2.788,-2.789
-3.035,-2.777,-2.791
-3.032,-2.769,-2.789
-3.029,-2.766,-2.782
-3.025,-2.762,-2.762
-3.022,-2.757,-2.729
-3.019,-2.753,-2.701
-3.015,-2.747,-2.691
-3.012,-2.74,-2.689
-3.009,-2.733,-2.691
-3.005,-2.726,-2.699
-3.002,-2.721,-2.711
-2.999,-2.716,-2.714
-2.995,-2.709,-2.72
-2.992,-2.699,-2.723
-2.989,-2.688,-2.718
-2.985,-2.68,-2.699
-2.982,-2.674,-2.668
-2.979,-2.668,-2.64
-2.975,-2.659,-2.63
-2.972,-2.653,-2.628
-2.969,-2.651,-2.632
-2.965,-2.649,-2.639
-2.962,-2.644,-2.645
-2.959,-2.638,-2.648
-2.955,-2.629,-2.653
-2.952,-2.619,-2.652
-2.949,-2.61,-2.642
-2.945,-2.602,-2.623
-2.942,-2.597,-2.6
-2.939,-2.594,-2.576
-2.935,-2.591,-2.563
-2.932,-2.584,-2.564
-2.929,-2.577,-2.57
-2.925,-2.571,-2.576
-2.922,-2.567,-2.579
-2.919,-2.561,-2.578
-2.915,-2.553,-2.576
-2.912,-2.546,-2.571
-2.909,-2.54,-2.551
-2.905,-2.533,-2.523
-2.902,-2.527,-2.499
-2.899,-2.521,-2.494
-2.895,-2.514,-2.487
-2.892,-2.505,-2.484
-2.889,-2.497,-2.49
-2.885,-2.489,-2.5
-2.882,-2.483,-2.508
-2.879,-2.482,-2.509
-2.875,-2.479,-2.504
-2.872,-2.474,-2.484
-2.869,-2.467,-2.462
-2.865,-2.46,-2.434
-2.862,-2.454,-2.407
-2.859,-2.449,-2.396
-2.855,-2.442,-2.4
-2.852,-2.432,-2.402
-2.849,-2.424,-2.402
-2.845,-2.418,-2.413
-2.842,-2.413,-2.426
-2.839,-2.404,-2.433
-2.835,-2.396,-2.427
-2.832,-2.39,-2.407
-2.829,-2.385,-2.38
-2.825,-2.378,-2.356
-2.822,-2.372,-2.339
-2.819,-2.369,-2.331
-2.815,-2.367,-2.329
-2.812,-2.362,-2.332
-2.809,-2.356,-2.331
-2.805,-2.347,-2.338
-2.802,-2.338,-2.344
-2.799,-2.333,-2.346
-2.795,-2.331,-2.347
-2.792,-2.325,-2.339
-2.789,-2.316,-2.325
-2.785,-2.308,-2.306
-2.782,-2.295,-2.287
-2.779,-2.293,-2.269
-2.775,-2.293,-2.258
-2.772,-2.289,-2.258
-2.769,-2.285,-2.259
-2.765,-2.28,-2.26
-2.762,-2.275,-2.267
-2.759,-2.269,-2.273
-2.755,-2.264,-2.278
-2.752,-2.26,-2.282
-2.749,-2.256,-2.279
-2.746,-2.252,-2.27
-2.742,-2.248,-2.26
-2.739,-2.244,-2.245
-2.736,-2.241,-2.227
-2.732,-2.234,-2.207
-2.729,-2.224,-2.196
-2.726,-2.217,-2.19
-2.722,-2.213,-2.192
-2.719,-2.208,-2.198
-2.716,-2.204,-2.207
-2.712,-2.202,-2.214
-2.709,-2.197,-2.217
-2.706,-2.193,-2.217
-2.702,-2.187,-2.219
-2.699,-2.181,-2.216
-2.696,-2.175,-2.202
-2.692,-2.169,-2.188
-2.689,-2.163,-2.171
-2.686,-2.157,-2.147
-2.682,-2.151,-2.132
-2.679,-2.146,-2.124
-2.676,-2.142,-2.126
-2.672,-2.137,-2.131
-2.669,-2.133,-2.136
-2.666,-2.126,-2.143
-2.662,-2.118,-2.147
-2.659,-2.114,-2.155
-2.656,-2.107,-2.157
-2.652,-2.101,-2.152
-2.649,-2.096,-2.137
-2.646,-2.094,-2.131
-2.642,-2.091,-2.117
-2.639,-2.086,-2.096
-2.636,-2.08,-2.075
-2.632,-2.075,-2.064
-2.629,-2.069,-2.06
-2.626,-2.065,-2.056
-2.622,-2.06,-2.066
-2.619,-2.053,-2.073
-2.616,-2.04,-2.078
-2.612,-2.027,-2.081
-2.609,-2.019,-2.081
-2.606,-2.013,-2.079
-2.602,-2.008,-2.074
-2.599,-2,-2.065
-2.596,-1.994,-2.063
-2.592,-1.986,-2.048
-2.589,-1.978,-2.03
-2.586,-1.97,-2.014
-2.582,-1.965,-2.006
-2.579,-1.961,-1.989
-2.576,-1.955,-1.981
-2.572,-1.948,-1.973
-2.569,-1.937,-1.98
-2.566,-1.927,-1.992
-2.562,-1.911,-2.003
-2.559,-1.903,-2.008
-2.556,-1.896,-2.006
-2.552,-1.892,-1.992
-2.549,-1.884,-1.987
-2.546,-1.878,-1.984
-2.542,-1.871,-1.979
-2.539,-1.863,-1.966
-2.536,-1.856,-1.949
-2.532,-1.849,-1.923
-2.529,-1.838,-1.906
-2.526,-1.827,-1.9
-2.522,-1.82,-1.89
-2.519,-1.811,-1.888
-2.516,-1.803,-1.88
-2.512,-1.8,-1.891
-2.509,-1.795,-1.906
-2.506,-1.788,-1.907
-2.502,-1.778,-1.912
-2.499,-1.771,-1.916
-2.496,-1.766,-1.916
-2.492,-1.762,-1.907
-2.489,-1.754,-1.897
-2.486,-1.748,-1.894
-2.482,-1.742,-1.885
-2.479,-1.738,-1.866
-2.476,-1.733,-1.844
-2.472,-1.727,-1.82
-2.469,-1.72,-1.823
-2.466,-1.713,-1.829
-2.462,-1.707,-1.828
-2.459,-1.701,-1.828
-2.456,-1.696,-1.83
-2.452,-1.689,-1.838
-2.449,-1.681,-1.853
-2.446,-1.674,-1.857
-2.442,-1.667,-1.851
-2.439,-1.662,-1.839
-2.436,-1.656,-1.825
-2.432,-1.649,-1.824
-2.429,-1.64,-1.808
-2.426,-1.634,-1.793
-2.422,-1.626,-1.777
-2.419,-1.616,-1.759
-2.416,-1.61,-1.737
-2.412,-1.603,-1.73
-2.409,-1.596,-1.745
-2.406,-1.588,-1.751
-2.402,-1.581,-1.761
-2.399,-1.573,-1.761
-2.396,-1.567,-1.765
-2.392,-1.561,-1.762
-2.389,-1.554,-1.752
-2.386,-1.546,-1.747
-2.382,-1.542,-1.739
-2.379,-1.538,-1.737
-2.376,-1.534,-1.74
-2.372,-1.527,-1.743
-2.369,-1.522,-1.732
-2.366,-1.513,-1.718
-2.362,-1.504,-1.704
-2.359,-1.497,-1.687
-2.356,-1.491,-1.672
-2.352,-1.484,-1.658
-2.349,-1.478,-1.662
-2.346,-1.471,-1.679
-2.342,-1.466,-1.695
-2.339,-1.462,-1.705
-2.336,-1.457,-1.698
-2.332,-1.452,-1.693
-2.329,-1.447,-1.695
-2.326,-1.441,-1.697
-2.322,-1.435,-1.693
-2.319,-1.431,-1.688
-2.316,-1.427,-1.685
-2.312,-1.423,-1.686
-2.309,-1.418,-1.683
-2.306,-1.414,-1.668
-2.302,-1.409,-1.641
-2.299,-1.404,-1.618
-2.296,-1.397,-1.603
-2.292,-1.388,-1.601
-2.289,-1.38,-1.611
-2.286,-1.373,-1.623
-2.282,-1.364,-1.636
-2.279,-1.354,-1.65
-2.276,-1.346,-1.663
-2.272,-1.332,-1.67
-2.269,-1.319,-1.663
-2.266,-1.311,-1.66
-2.262,-1.305,-1.66
-2.259,-1.298,-1.639
-2.256,-1.29,-1.613
-2.252,-1.282,-1.607
-2.249,-1.276,-1.603
-2.246,-1.27,-1.595
-2.242,-1.266,-1.577
-2.239,-1.261,-1.56
-2.236,-1.256,-1.55
-2.232,-1.25,-1.556
-2.229,-1.243,-1.569
-2.226,-1.238,-1.582
-2.222,-1.238,-1.595
-2.219,-1.239,-1.605
-2.216,-1.239,-1.596
-2.212,-1.241,-1.592
-2.209,-1.244,-1.592
-2.206,-1.242,-1.593
-2.202,-1.239,-1.584
-2.199,-1.239,-1.573
-2.196,-1.243,-1.562
-2.192,-1.248,-1.551
-2.189,-1.251,-1.54
-2.186,-1.251,-1.536
-2.182,-1.252,-1.538
-2.179,-1.255,-1.551
-2.176,-1.256,-1.555
-2.172,-1.256,-1.558
-2.169,-1.257,-1.557
-2.166,-1.259,-1.553
-2.162,-1.259,-1.539
-2.159,-1.258,-1.526
-2.156,-1.258,-1.509
-2.152,-1.26,-1.507
-2.149,-1.263,-1.505
-2.146,-1.263,-1.517
-2.142,-1.262,-1.53
-2.139,-1.262,-1.531
-2.136,-1.266,-1.52
-2.132,-1.271,-1.531
-2.129,-1.27,-1.541
-2.126,-1.273,-1.539
-2.122,-1.279,-1.534
-2.119,-1.284,-1.525
-2.116,-1.288,-1.516
-2.112,-1.29,-1.508
-2.109,-1.291,-1.505
-2.106,-1.293,-1.501
-2.102,-1.294,-1.493
-2.099,-1.291,-1.487
-2.096,-1.288,-1.479
-2.092,-1.285,-1.478
-2.089,-1.283,-1.478
-2.086,-1.283,-1.491
-2.082,-1.283,-1.503
-2.079,-1.284,-1.51
-2.076,-1.287,-1.512
-2.072,-1.289,-1.494
-2.069,-1.291,-1.483
-2.066,-1.296,-1.485
-2.062,-1.302,-1.483
-2.059,-1.307,-1.485
-2.056,-1.306,-1.483
-2.052,-1.305,-1.478
-2.049,-1.307,-1.474
-2.046,-1.297,-1.471
-2.042,-1.293,-1.469
-2.039,-1.291,-1.471
-2.036,-1.303,-1.478
-2.032,-1.304,-1.482
-2.029,-1.302,-1.486
-2.026,-1.305,-1.494
-2.022,-1.319,-1.503
-2.019,-1.334,-1.509
-2.016,-1.334,-1.512
-2.012,-1.329,-1.5
-2.009,-1.325,-1.494
-2.006,-1.326,-1.483
-2.002,-1.336,-1.472
-1.999,-1.351,-1.463
-1.996,-1.367,-1.451
-1.992,-1.383,-1.449
-1.989,-1.398,-1.455
-1.986,-1.413,-1.469
-1.982,-1.431,-1.485
-1.979,-1.45,-1.502
-1.976,-1.47,-1.505
-1.972,-1.49,-1.515
-1.969,-1.514,-1.519
-1.966,-1.54,-1.521
-1.963,-1.567,-1.521
-1.959,-1.602,-1.517
-1.956,-1.636,-1.508
-1.953,-1.659,-1.506
-1.949,-1.673,-1.491
-1.946,-1.689,-1.475
-1.943,-1.705,-1.462
-1.939,-1.722,-1.453
-1.936,-1.738,-1.451
-1.933,-1.751,-1.467
-1.929,-1.77,-1.486
-1.926,-1.792,-1.506
-1.923,-1.807,-1.524
-1.919,-1.818,-1.524
-1.916,-1.827,-1.519
-1.913,-1.833,-1.52
-1.909,-1.838,-1.523
-1.906,-1.842,-1.523
-1.903,-1.846,-1.523
-1.899,-1.849,-1.523
-1.896,-1.854,-1.528
-1.893,-1.864,-1.532
-1.889,-1.877,-1.523
-1.886,-1.889,-1.518
-1.883,-1.901,-1.511
-1.879,-1.914,-1.501
-1.876,-1.926,-1.487
-1.873,-1.936,-1.474
-1.869,-1.95,-1.491
-1.866,-1.964,-1.513
-1.863,-1.97,-1.517
-1.859,-1.975,-1.523
-1.856,-1.985,-1.531
-1.853,-1.994,-1.537
-1.849,-1.989,-1.548
-1.846,-1.981,-1.559
-1.843,-1.973,-1.564
-1.839,-1.967,-1.567
-1.836,-1.958,-1.571
-1.833,-1.95,-1.574
-1.829,-1.941,-1.578
-1.826,-1.941,-1.581
-1.823,-1.944,-1.576
-1.819,-1.948,-1.565
-1.816,-1.953,-1.542
-1.813,-1.958,-1.517
-1.809,-1.96,-1.514
-1.806,-1.961,-1.519
-1.803,-1.962,-1.527
-1.799,-1.97,-1.538
-1.796,-1.978,-1.552
-1.793,-1.989,-1.567
-1.789,-2,-1.582
-1.786,-2.007,-1.592
-1.783,-2.01,-1.596
-1.779,-2.011,-1.601
-1.776,-2.012,-1.604
-1.773,-2.01,-1.607
-1.769,-2.007,-1.611
-1.766,-2.005,-1.615
-1.763,-1.999,-1.615
-1.759,-1.993,-1.612
-1.756,-1.989,-1.616
-1.753,-1.987,-1.622
-1.749,-1.987,-1.625
-1.746,-1.987,-1.626
-1.743,-1.987,-1.623
-1.739,-1.986,-1.619
-1.736,-1.983,-1.616
-1.733,-1.981,-1.618
-1.729,-1.977,-1.62
-1.726,-1.96,-1.625
-1.723,-1.948,-1.645
-1.719,-1.931,-1.659
-1.716,-1.923,-1.663
-1.713,-1.912,-1.674
-1.709,-1.906,-1.687
-1.706,-1.908,-1.699
-1.703,-1.913,-1.705
-1.699,-1.92,-1.708
-1.696,-1.924,-1.705
-1.693,-1.924,-1.695
-1.689,-1.922,-1.677
-1.686,-1.917,-1.654
-1.683,-1.907,-1.643
-1.679,-1.898,-1.641
-1.676,-1.892,-1.647
-1.673,-1.89,-1.671
-1.669,-1.892,-1.689
-1.666,-1.892,-1.705
-1.663,-1.893,-1.726
-1.659,-1.891,-1.737
-1.656,-1.889,-1.743
-1.653,-1.888,-1.747
-1.649,-1.885,-1.739
-1.646,-1.881,-1.727
-1.643,-1.879,-1.721
-1.639,-1.878,-1.731
-1.636,-1.878,-1.745
-1.633,-1.879,-1.762
-1.629,-1.879,-1.778
-1.626,-1.875,-1.782
-1.623,-1.871,-1.786
-1.619,-1.871,-1.8
-1.616,-1.87,-1.809
-1.613,-1.868,-1.805
-1.609,-1.868,-1.794
-1.606,-1.865,-1.777
-1.603,-1.858,-1.754
-1.599,-1.853,-1.732
-1.596,-1.85,-1.718
-1.593,-1.846,-1.719
-1.589,-1.84,-1.728
-1.586,-1.83,-1.745
-1.583,-1.82,-1.762
-1.579,-1.811,-1.774
-1.576,-1.803,-1.78
-1.573,-1.796,-1.784
-1.569,-1.79,-1.786
-1.566,-1.785,-1.788
-1.563,-1.786,-1.788
-1.559,-1.789,-1.787
-1.556,-1.795,-1.789
-1.553,-1.8,-1.796
-1.549,-1.803,-1.803
-1.546,-1.804,-1.814
-1.543,-1.805,-1.821
-1.539,-1.805,-1.821
-1.536,-1.8,-1.814
-1.533,-1.794,-1.802
-1.529,-1.789,-1.789
-1.526,-1.784,-1.783
-1.523,-1.779,-1.782
-1.519,-1.773,-1.79
-1.516,-1.77,-1.797
-1.513,-1.769,-1.805
-1.509,-1.771,-1.808
-1.506,-1.77,-1.807
-1.503,-1.764,-1.795
-1.499,-1.757,-1.772
-1.496,-1.752,-1.751
-1.493,-1.747,-1.738
-1.489,-1.74,-1.735
-1.486,-1.734,-1.741
-1.483,-1.731,-1.75
-1.479,-1.729,-1.761
-1.476,-1.728,-1.767
-1.473,-1.725,-1.772
-1.469,-1.722,-1.764
-1.466,-1.721,-1.749
-1.463,-1.721,-1.735
-1.459,-1.719,-1.719
-1.456,-1.718,-1.703
-1.453,-1.716,-1.696
-1.449,-1.712,-1.697
-1.446,-1.71,-1.701
-1.443,-1.708,-1.708
-1.439,-1.702,-1.716
-1.436,-1.693,-1.723
-1.433,-1.684,-1.725
-1.429,-1.679,-1.72
-1.426,-1.677,-1.707
-1.423,-1.676,-1.692
-1.419,-1.679,-1.672
-1.416,-1.682,-1.654
-1.413,-1.681,-1.644
-1.409,-1.681,-1.649
-1.406,-1.682,-1.662
-1.403,-1.677,-1.674
-1.399,-1.671,-1.683
-1.396,-1.67,-1.685
-1.393,-1.67,-1.684
-1.389,-1.668,-1.677
-1.386,-1.663,-1.665
-1.383,-1.66,-1.642
-1.379,-1.66,-1.615
-1.376,-1.661,-1.594
-1.373,-1.659,-1.582
-1.369,-1.658,-1.58
-1.366,-1.656,-1.585
-1.363,-1.652,-1.591
-1.359,-1.651,-1.597
-1.356,-1.645,-1.608
-1.353,-1.638,-1.613
-1.349,-1.63,-1.616
-1.346,-1.618,-1.605
-1.343,-1.604,-1.594
-1.339,-1.598,-1.578
-1.336,-1.597,-1.557
-1.333,-1.593,-1.534
-1.329,-1.594,-1.521
-1.326,-1.593,-1.509
-1.323,-1.591,-1.507
-1.319,-1.589,-1.499
-1.316,-1.582,-1.497
-1.313,-1.574,-1.49
-1.309,-1.566,-1.492
-1.306,-1.556,-1.496
-1.303,-1.546,-1.499
-1.299,-1.537,-1.495
-1.296,-1.528,-1.482
-1.293,-1.524,-1.466
-1.289,-1.525,-1.456
-1.286,-1.517,-1.447
-1.283,-1.516,-1.426
-1.279,-1.514,-1.411
-1.276,-1.51,-1.389
-1.273,-1.502,-1.365
-1.269,-1.488,-1.353
-1.266,-1.483,-1.347
-1.263,-1.477,-1.346
-1.259,-1.466,-1.347
-1.256,-1.451,-1.347
-1.253,-1.438,-1.346
-1.249,-1.439,-1.344
-1.246,-1.446,-1.332
-1.243,-1.448,-1.325
-1.239,-1.439,-1.318
-1.236,-1.429,-1.313
-1.233,-1.425,-1.308
-1.229,-1.417,-1.3
-1.226,-1.405,-1.294
-1.223,-1.386,-1.281
-1.219,-1.368,-1.266
-1.216,-1.355,-1.258
-1.213,-1.347,-1.253
-1.209,-1.345,-1.248
-1.206,-1.342,-1.243
-1.203,-1.341,-1.239
-1.199,-1.341,-1.236
-1.196,-1.34,-1.233
-1.193,-1.335,-1.218
-1.189,-1.331,-1.209
-1.186,-1.331,-1.209
-1.183,-1.329,-1.211
-1.18,-1.317,-1.215
-1.176,-1.305,-1.211
-1.173,-1.298,-1.216
-1.17,-1.289,-1.224
-1.166,-1.28,-1.236
-1.163,-1.271,-1.231
-1.16,-1.263,-1.224
-1.156,-1.251,-1.218
-1.153,-1.243,-1.214
-1.15,-1.237,-1.209
-1.146,-1.234,-1.202
-1.143,-1.237,-1.193
-1.14,-1.243,-1.183
-1.136,-1.249,-1.173
-1.133,-1.252,-1.165
-1.13,-1.253,-1.156
-1.126,-1.253,-1.145
-1.123,-1.252,-1.13
-1.12,-1.247,-1.115
-1.116,-1.239,-1.103
-1.113,-1.23,-1.096
-1.11,-1.22,-1.09
-1.106,-1.205,-1.078
-1.103,-1.195,-1.07
-1.1,-1.196,-1.068
-1.096,-1.182,-1.058
-1.093,-1.178,-1.04
-1.09,-1.183,-1.028
-1.086,-1.187,-1.017
-1.083,-1.185,-1.01
-1.08,-1.182,-1.009
-1.076,-1.178,-1.008
-1.073,-1.176,-1.005
-1.07,-1.175,-0.997
-1.066,-1.165,-0.978
-1.063,-1.15,-0.952
-1.06,-1.139,-0.926
-1.056,-1.131,-0.898
-1.053,-1.122,-0.875
-1.05,-1.114,-0.857
-1.046,-1.106,-0.839
-1.043,-1.1,-0.819
-1.04,-1.092,-0.798
-1.036,-1.081,-0.775
-1.033,-1.069,-0.756
-1.03,-1.059,-0.736
-1.026,-1.05,-0.716
-1.023,-1.039,-0.696
-1.02,-1.028,-0.679
-1.016,-1.019,-0.663
-1.013,-1.01,-0.648
-1.01,-0.997,-0.628
-1.006,-0.981,-0.615
-1.003,-0.965,-0.605
-1,-0.948,-0.601
-0.996,-0.931,-0.59
-0.993,-0.917,-0.572
-0.99,-0.909,-0.559
-0.986,-0.903,-0.555
-0.983,-0.894,-0.549
-0.98,-0.886,-0.541
-0.976,-0.876,-0.53
-0.973,-0.864,-0.517
-0.97,-0.85,-0.505
-0.966,-0.836,-0.496
-0.963,-0.821,-0.491
-0.96,-0.806,-0.485
-0.956,-0.793,-0.479
-0.953,-0.783,-0.469
-0.95,-0.774,-0.459
-0.946,-0.761,-0.447
-0.943,-0.748,-0.441
-0.94,-0.735,-0.44
-0.936,-0.722,-0.435
-0.933,-0.71,-0.43
-0.93,-0.698,-0.426
-0.926,-0.686,-0.42
-0.923,-0.672,-0.421
-0.92,-0.659,-0.425
-0.916,-0.647,-0.43
-0.913,-0.637,-0.429
-0.91,-0.628,-0.428
-0.906,-0.622,-0.43
-0.903,-0.619,-0.432
-0.9,-0.617,-0.433
-0.896,-0.615,-0.432
-0.893,-0.611,-0.432
-0.89,-0.606,-0.431
-0.886,-0.602,-0.432
-0.883,-0.6,-0.433
-0.88,-0.595,-0.433
-0.876,-0.591,-0.433
-0.873,-0.588,-0.435
-0.87,-0.585,-0.436
-0.866,-0.581,-0.439
-0.863,-0.579,-0.443
-0.86,-0.577,-0.445
-0.856,-0.575,-0.448
-0.853,-0.575,-0.454
-0.85,-0.572,-0.461
-0.846,-0.569,-0.466
-0.843,-0.566,-0.471
-0.84,-0.565,-0.476
-0.836,-0.565,-0.479
-0.833,-0.564,-0.483
-0.83,-0.562,-0.489
-0.826,-0.562,-0.497
-0.823,-0.561,-0.505
-0.82,-0.561,-0.51
-0.816,-0.561,-0.513
-0.813,-0.561,-0.52
-0.81,-0.561,-0.528
-0.806,-0.56,-0.531
-0.803,-0.558,-0.535
-0.8,-0.557,-0.542
-0.796,-0.557,-0.55
-0.793,-0.559,-0.555
-0.79,-0.561,-0.56
-0.786,-0.562,-0.566
-0.783,-0.56,-0.573
-0.78,-0.558,-0.58
-0.776,-0.558,-0.586
-0.773,-0.56,-0.593
-0.77,-0.561,-0.599
-0.766,-0.561,-0.604
-0.763,-0.562,-0.61
-0.76,-0.567,-0.618
-0.756,-0.573,-0.629
-0.753,-0.578,-0.646
-0.75,-0.581,-0.662
-0.746,-0.584,-0.677
-0.743,-0.588,-0.692
-0.74,-0.595,-0.705
-0.736,-0.602,-0.715
-0.733,-0.611,-0.723
-0.73,-0.618,-0.728
-0.726,-0.626,-0.73
-0.723,-0.633,-0.732
-0.72,-0.64,-0.736
-0.716,-0.644,-0.743
-0.713,-0.647,-0.748
-0.71,-0.652,-0.752
-0.706,-0.66,-0.753
-0.703,-0.666,-0.757
-0.7,-0.672,-0.763
-0.696,-0.681,-0.769
-0.693,-0.692,-0.774
-0.69,-0.701,-0.779
-0.686,-0.708,-0.781
-0.683,-0.713,-0.785
-0.68,-0.718,-0.792
-0.676,-0.722,-0.799
-0.673,-0.727,-0.805
-0.67,-0.73,-0.811
-0.666,-0.733,-0.817
-0.663,-0.734,-0.822
-0.66,-0.734,-0.827
-0.656,-0.734,-0.832
-0.653,-0.736,-0.836
-0.65,-0.738,-0.839
-0.646,-0.739,-0.838
-0.643,-0.739,-0.838
-0.64,-0.738,-0.838
-0.636,-0.736,-0.836
-0.633,-0.738,-0.827
-0.63,-0.739,-0.818
-0.626,-0.737,-0.811
-0.623,-0.735,-0.806
-0.62,-0.738,-0.804
-0.616,-0.742,-0.806
-0.613,-0.743,-0.813
-0.61,-0.744,-0.818
-0.606,-0.745,-0.822
-0.603,-0.745,-0.822
-0.6,-0.741,-0.821
-0.596,-0.736,-0.818
-0.593,-0.731,-0.817
-0.59,-0.726,-0.82
-0.586,-0.721,-0.824
-0.583,-0.72,-0.829
-0.58,-0.72,-0.831
-0.576,-0.718,-0.83
-0.573,-0.713,-0.822
-0.57,-0.704,-0.815
-0.566,-0.696,-0.806
-0.563,-0.69,-0.795
-0.56,-0.688,-0.785
-0.556,-0.688,-0.78
-0.553,-0.687,-0.778
-0.55,-0.684,-0.778
-0.546,-0.683,-0.779
-0.543,-0.684,-0.781
-0.54,-0.684,-0.782
-0.536,-0.679,-0.782
-0.533,-0.674,-0.781
-0.53,-0.669,-0.775
-0.526,-0.666,-0.775
-0.523,-0.663,-0.775
-0.52,-0.66,-0.766
-0.516,-0.657,-0.762
-0.513,-0.654,-0.761
-0.51,-0.651,-0.757
-0.506,-0.646,-0.755
-0.503,-0.643,-0.753
-0.5,-0.643,-0.75
-0.496,-0.643,-0.748
-0.493,-0.642,-0.746
-0.49,-0.641,-0.749
-0.486,-0.64,-0.758
-0.483,-0.638,-0.768
-0.48,-0.633,-0.768
-0.476,-0.622,-0.773
-0.473,-0.609,-0.774
-0.47,-0.595,-0.773
-0.466,-0.582,-0.762
-0.463,-0.569,-0.754
-0.46,-0.558,-0.754
-0.456,-0.542,-0.756
-0.453,-0.525,-0.758
-0.45,-0.512,-0.757
-0.446,-0.506,-0.754
-0.443,-0.499,-0.747
-0.44,-0.494,-0.738
-0.436,-0.488,-0.73
-0.433,-0.481,-0.722
-0.43,-0.476,-0.712
-0.426,-0.473,-0.705
-0.423,-0.469,-0.694
-0.42,-0.464,-0.677
-0.416,-0.46,-0.671
-0.413,-0.456,-0.668
-0.41,-0.454,-0.663
-0.406,-0.452,-0.661
-0.403,-0.448,-0.658
-0.4,-0.443,-0.654
-0.396,-0.437,-0.643
-0.393,-0.431,-0.635
-0.39,-0.427,-0.632
-0.387,-0.424,-0.629
-0.383,-0.422,-0.625
-0.38,-0.42,-0.621
-0.377,-0.417,-0.617
-0.373,-0.414,-0.615
-0.37,-0.411,-0.612
-0.367,-0.408,-0.606
-0.363,-0.404,-0.598
-0.36,-0.401,-0.585
-0.357,-0.397,-0.568
-0.353,-0.394,-0.556
-0.35,-0.393,-0.548
-0.347,-0.393,-0.54
-0.343,-0.39,-0.527
-0.34,-0.387,-0.514
-0.337,-0.383,-0.51
-0.333,-0.379,-0.507
-0.33,-0.376,-0.506
-0.327,-0.375,-0.499
-0.323,-0.375,-0.49
-0.32,-0.373,-0.482
-0.317,-0.371,-0.472
-0.313,-0.368,-0.462
-0.31,-0.365,-0.456
-0.307,-0.362,-0.452
-0.303,-0.36,-0.448
-0.3,-0.357,-0.444
-0.297,-0.354,-0.44
-0.293,-0.351,-0.434
-0.29,-0.349,-0.429
-0.287,-0.348,-0.419
-0.283,-0.347,-0.409
-0.28,-0.344,-0.4
-0.277,-0.34,-0.397
-0.273,-0.338,-0.394
-0.27,-0.336,-0.388
-0.267,-0.332,-0.384
-0.263,-0.329,-0.381
-0.26,-0.328,-0.376
-0.257,-0.326,-0.369
-0.253,-0.322,-0.36
-0.25,-0.317,-0.349
-0.247,-0.312,-0.336
-0.243,-0.309,-0.321
-0.24,-0.306,-0.301
-0.237,-0.303,-0.28
-0.233,-0.3,-0.256
-0.23,-0.298,-0.228
-0.227,-0.295,-0.197
-0.223,-0.291,-0.168
-0.22,-0.287,-0.149
-0.217,-0.281,-0.139
-0.213,-0.276,-0.13
-0.21,-0.271,-0.117
-0.207,-0.267,-0.107
-0.203,-0.263,-0.1
-0.2,-0.261,-0.093
-0.197,-0.258,-0.09
-0.193,-0.253,-0.087
-0.19,-0.246,-0.085
-0.187,-0.243,-0.08
-0.183,-0.242,-0.075
-0.18,-0.239,-0.07
-0.177,-0.232,-0.068
-0.173,-0.226,-0.066
-0.17,-0.223,-0.062
-0.167,-0.22,-0.059
-0.163,-0.217,-0.056
-0.16,-0.214,-0.053
-0.157,-0.209,-0.051
-0.153,-0.203,-0.053
-0.15,-0.198,-0.06
-0.147,-0.195,-0.062
-0.143,-0.191,-0.066
-0.14,-0.183,-0.066
-0.137,-0.175,-0.066
-0.133,-0.17,-0.065
-0.13,-0.166,-0.064
-0.127,-0.165,-0.06
-0.123,-0.15,-0.054
-0.12,-0.145,-0.049
-0.117,-0.141,-0.046
-0.113,-0.14,-0.047
-0.11,-0.139,-0.052
-0.107,-0.138,-0.055
-0.103,-0.137,-0.056
-0.1,-0.133,-0.056
-0.097,-0.129,-0.055
-0.093,-0.125,-0.054
-0.09,-0.121,-0.056
-0.087,-0.116,-0.056
-0.083,-0.112,-0.054
-0.08,-0.109,-0.054
-0.077,-0.105,-0.056
-0.073,-0.102,-0.057
-0.07,-0.096,-0.054
-0.067,-0.091,-0.051
-0.063,-0.087,-0.051
-0.06,-0.083,-0.052
-0.057,-0.078,-0.051
-0.053,-0.072,-0.051
-0.05,-0.066,-0.051
-0.047,-0.061,-0.049
-0.043,-0.057,-0.047
-0.04,-0.054,-0.046
-0.037,-0.05,-0.043
-0.033,-0.046,-0.037
-0.03,-0.042,-0.032
-0.027,-0.037,-0.03
-0.023,-0.031,-0.029
-0.02,-0.028,-0.028
-0.017,-0.024,-0.026
-0.013,-0.018,-0.017
-0.01,-0.012,-0.007
-0.007,-0.007,-0.005
-0.003,-0.003,-0.004
0,0.002,-0.002
0.003,0.005,-0.001
0.007,0.008,0.001
0.01,0.012,0.003
0.013,0.016,0.009
0.017,0.022,0.009
0.02,0.03,0.011
0.023,0.035,0.016
0.027,0.039,0.018
0.03,0.047,0.019
0.033,0.052,0.018
0.037,0.056,0.018
0.04,0.061,0.018
0.043,0.067,0.018
0.047,0.073,0.018
0.05,0.081,0.018
0.053,0.09,0.019
0.057,0.1,0.019
0.06,0.111,0.018
0.063,0.12,0.018
0.067,0.126,0.023
0.07,0.129,0.028
0.073,0.14,0.038
0.077,0.152,0.051
0.08,0.157,0.052
0.083,0.156,0.049
0.087,0.164,0.052
0.09,0.17,0.055
0.093,0.175,0.058
0.097,0.179,0.06
0.1,0.185,0.063
0.103,0.192,0.067
0.107,0.198,0.07
0.11,0.204,0.071
0.113,0.21,0.07
0.117,0.217,0.07
0.12,0.224,0.071
0.123,0.231,0.072
0.127,0.235,0.079
0.13,0.239,0.085
0.133,0.244,0.092
0.137,0.251,0.104
0.14,0.258,0.115
0.143,0.263,0.125
0.147,0.268,0.138
0.15,0.272,0.148
0.153,0.276,0.153
0.157,0.28,0.153
0.16,0.285,0.157
0.163,0.29,0.159
0.167,0.294,0.159
0.17,0.297,0.16
0.173,0.3,0.162
0.177,0.304,0.163
0.18,0.309,0.165
0.183,0.312,0.169
0.187,0.315,0.175
0.19,0.32,0.181
0.193,0.326,0.185
0.197,0.33,0.188
0.2,0.336,0.194
0.203,0.343,0.198
0.207,0.35,0.199
0.21,0.361,0.2
0.213,0.371,0.203
0.217,0.381,0.204
0.22,0.389,0.206
0.223,0.392,0.21
0.227,0.394,0.215
0.23,0.399,0.219
0.233,0.405,0.222
0.237,0.412,0.227
0.24,0.419,0.232
0.243,0.426,0.234
0.247,0.432,0.235
0.25,0.439,0.236
0.253,0.444,0.239
0.257,0.449,0.241
0.26,0.456,0.245
0.263,0.465,0.248
0.267,0.471,0.251
0.27,0.477,0.254
0.273,0.482,0.257
0.277,0.489,0.26
0.28,0.495,0.264
0.283,0.501,0.267
0.287,0.508,0.269
0.29,0.518,0.272
0.293,0.529,0.274
0.297,0.536,0.276
0.3,0.544,0.278
0.303,0.553,0.281
0.307,0.562,0.285
0.31,0.567,0.29
0.313,0.573,0.292
0.317,0.579,0.294
0.32,0.588,0.296
0.323,0.595,0.3
0.327,0.601,0.301
0.33,0.607,0.303
0.333,0.616,0.307
0.337,0.622,0.31
0.34,0.626,0.311
0.343,0.628,0.313
0.347,0.632,0.318
0.35,0.639,0.322
0.353,0.647,0.323
0.357,0.655,0.327
0.36,0.664,0.332
0.363,0.675,0.336
0.367,0.686,0.338
0.37,0.693,0.341
0.373,0.697,0.345
0.377,0.704,0.35
0.38,0.713,0.359
0.383,0.723,0.371
0.387,0.733,0.373
0.39,0.74,0.375
0.393,0.744,0.383
0.396,0.747,0.386
0.4,0.754,0.389
0.403,0.762,0.391
0.406,0.769,0.393
0.41,0.773,0.395
0.413,0.775,0.397
0.416,0.776,0.402
0.42,0.778,0.406
0.423,0.779,0.41
0.426,0.781,0.415
0.43,0.786,0.42
0.433,0.793,0.424
0.436,0.799,0.428
0.44,0.805,0.432
0.443,0.811,0.435
0.446,0.818,0.438
0.45,0.826,0.442
0.453,0.83,0.449
0.456,0.828,0.458
0.46,0.826,0.467
0.463,0.826,0.474
0.466,0.827,0.478
0.47,0.829,0.48
0.473,0.83,0.483
0.476,0.83,0.491
0.48,0.83,0.498
0.483,0.829,0.503
0.486,0.83,0.508
0.49,0.83,0.515
0.493,0.831,0.52
0.496,0.834,0.523
0.5,0.835,0.527
0.503,0.833,0.531
0.506,0.834,0.537
0.51,0.837,0.544
0.513,0.84,0.553
0.516,0.84,0.559
0.52,0.838,0.564
0.523,0.837,0.57
0.526,0.838,0.578
0.53,0.84,0.586
0.533,0.841,0.595
0.536,0.841,0.604
0.54,0.841,0.612
0.543,0.839,0.619
0.546,0.837,0.627
0.55,0.837,0.638
0.553,0.839,0.647
0.556,0.84,0.653
0.56,0.84,0.658
0.563,0.839,0.666
0.566,0.838,0.674
0.57,0.839,0.68
0.573,0.84,0.686
0.576,0.84,0.692
0.58,0.841,0.698
0.583,0.842,0.705
0.586,0.842,0.713
0.59,0.84,0.721
0.593,0.838,0.732
0.596,0.839,0.745
0.6,0.841,0.757
0.603,0.841,0.765
0.606,0.841,0.774
0.61,0.844,0.782
0.613,0.845,0.788
0.616,0.842,0.794
0.62,0.839,0.803
0.623,0.841,0.811
0.626,0.847,0.822
0.63,0.847,0.833
0.633,0.843,0.841
0.636,0.845,0.85
0.64,0.85,0.86
0.643,0.85,0.868
0.646,0.85,0.875
0.65,0.849,0.882
0.653,0.848,0.889
0.656,0.847,0.897
0.66,0.845,0.905
0.663,0.843,0.911
0.666,0.841,0.915
0.67,0.841,0.919
0.673,0.844,0.927
0.676,0.849,0.938
0.68,0.851,0.943
0.683,0.853,0.949
0.686,0.857,0.955
0.69,0.863,0.961
0.693,0.865,0.964
0.696,0.859,0.971
0.7,0.853,0.978
0.703,0.852,0.982
0.706,0.855,0.986
0.71,0.858,0.991
0.713,0.86,0.997
0.716,0.862,1.006
0.72,0.865,1.017
0.723,0.868,1.028
0.726,0.868,1.037
0.73,0.868,1.043
0.733,0.868,1.049
0.736,0.871,1.056
0.74,0.875,1.064
0.743,0.879,1.07
0.746,0.881,1.073
0.75,0.881,1.074
0.753,0.883,1.078
0.756,0.887,1.084
0.76,0.891,1.091
0.763,0.894,1.099
0.766,0.895,1.107
0.77,0.897,1.111
0.773,0.899,1.114
0.776,0.899,1.121
0.78,0.902,1.125
0.783,0.905,1.13
0.786,0.907,1.135
0.79,0.909,1.141
0.793,0.915,1.145
0.796,0.918,1.148
0.8,0.919,1.15
0.803,0.921,1.153
0.806,0.928,1.155
0.81,0.93,1.158
0.813,0.932,1.162
0.816,0.934,1.165
0.82,0.938,1.165
0.823,0.941,1.166
0.826,0.945,1.165
0.83,0.946,1.165
0.833,0.947,1.166
0.836,0.95,1.166
0.84,0.955,1.167
0.843,0.957,1.167
0.846,0.957,1.166
0.85,0.961,1.167
0.853,0.967,1.168
0.856,0.969,1.166
0.86,0.969,1.161
0.863,0.971,1.157
0.866,0.974,1.157
0.87,0.979,1.156
0.873,0.989,1.155
0.876,0.996,1.155
0.88,0.997,1.155
0.883,0.999,1.153
0.886,1.001,1.15
0.89,1.001,1.15
0.893,1.004,1.15
0.896,1.01,1.15
0.9,1.016,1.15
0.903,1.02,1.15
0.906,1.023,1.15
0.91,1.027,1.15
0.913,1.033,1.151
0.916,1.034,1.15
0.92,1.035,1.149
0.923,1.038,1.148
0.926,1.042,1.147
0.93,1.045,1.149
0.933,1.051,1.151
0.936,1.056,1.151
0.94,1.061,1.151
0.943,1.066,1.154
0.946,1.072,1.158
0.95,1.077,1.159
0.953,1.083,1.157
0.956,1.088,1.154
0.96,1.092,1.154
0.963,1.094,1.156
0.966,1.1,1.157
0.97,1.105,1.158
0.973,1.107,1.159
0.976,1.108,1.16
0.98,1.111,1.159
0.983,1.116,1.159
0.986,1.121,1.159
0.99,1.126,1.16
0.993,1.13,1.164
0.996,1.132,1.171
1,1.131,1.177
1.003,1.134,1.176
1.006,1.14,1.178
1.01,1.144,1.18
1.013,1.144,1.18
1.016,1.147,1.179
1.02,1.153,1.18
1.023,1.159,1.182
1.026,1.165,1.182
1.03,1.171,1.184
1.033,1.175,1.185
1.036,1.177,1.189
1.04,1.181,1.191
1.043,1.183,1.192
1.046,1.185,1.193
1.05,1.189,1.195
1.053,1.195,1.197
1.056,1.2,1.199
1.06,1.207,1.199
1.063,1.211,1.2
1.066,1.213,1.204
1.07,1.217,1.209
1.073,1.22,1.213
1.076,1.222,1.215
1.08,1.226,1.219
1.083,1.23,1.223
1.086,1.235,1.228
1.09,1.24,1.23
1.093,1.244,1.23
1.096,1.248,1.235
1.1,1.252,1.243
1.103,1.256,1.25
1.106,1.258,1.251
1.11,1.261,1.254
1.113,1.263,1.254
1.116,1.268,1.258
1.12,1.275,1.262
1.123,1.283,1.266
1.126,1.285,1.268
1.13,1.285,1.27
1.133,1.289,1.272
1.136,1.295,1.274
1.14,1.296,1.277
1.143,1.296,1.282
1.146,1.297,1.289
1.15,1.301,1.295
1.153,1.304,1.302
1.156,1.305,1.307
1.16,1.306,1.307
1.163,1.311,1.308
1.166,1.316,1.314
1.17,1.318,1.319
1.173,1.318,1.322
1.176,1.325,1.324
1.18,1.333,1.324
1.183,1.339,1.325
1.186,1.344,1.327
1.189,1.353,1.331
1.193,1.362,1.334
1.196,1.365,1.336
1.199,1.363,1.339
1.203,1.364,1.342
1.206,1.369,1.344
1.209,1.374,1.346
1.213,1.376,1.35
1.216,1.38,1.356
1.219,1.385,1.362
1.223,1.389,1.367
1.226,1.391,1.37
1.229,1.392,1.373
1.233,1.395,1.376
1.236,1.399,1.378
1.239,1.401,1.38
1.243,1.403,1.384
1.246,1.408,1.387
1.249,1.414,1.39
1.253,1.416,1.392
1.256,1.416,1.395
1.259,1.419,1.399
1.263,1.422,1.402
1.266,1.424,1.405
1.269,1.423,1.409
1.273,1.425,1.415
1.276,1.43,1.419
1.279,1.437,1.422
1.283,1.444,1.422
1.286,1.448,1.425
1.289,1.455,1.429
1.293,1.458,1.434
1.296,1.461,1.436
1.299,1.462,1.44
1.303,1.465,1.444
1.306,1.467,1.448
1.309,1.472,1.45
1.313,1.477,1.453
1.316,1.48,1.458
1.319,1.48,1.464
1.323,1.485,1.466
1.326,1.489,1.47
1.329,1.491,1.476
1.333,1.493,1.48
1.336,1.496,1.481
1.339,1.497,1.483
1.343,1.497,1.484
1.346,1.496,1.487
1.349,1.497,1.489
1.353,1.5,1.49
1.356,1.505,1.493
1.359,1.512,1.496
1.363,1.514,1.501
1.366,1.515,1.506
1.369,1.518,1.513
1.373,1.527,1.515
1.376,1.532,1.516
1.379,1.533,1.517
1.383,1.534,1.521
1.386,1.536,1.522
1.389,1.536,1.523
1.393,1.538,1.527
1.396,1.538,1.531
1.399,1.539,1.531
1.403,1.542,1.531
1.406,1.546,1.531
1.409,1.55,1.534
1.413,1.554,1.537
1.416,1.559,1.538
1.419,1.561,1.539
1.423,1.561,1.54
1.426,1.564,1.541
1.429,1.567,1.544
1.433,1.568,1.55
1.436,1.568,1.556
1.439,1.57,1.558
1.443,1.572,1.557
1.446,1.572,1.556
1.449,1.574,1.557
1.453,1.576,1.56
1.456,1.575,1.562
1.459,1.575,1.563
1.463,1.579,1.566
1.466,1.584,1.571
1.469,1.587,1.573
1.473,1.588,1.573
1.476,1.589,1.577
1.479,1.59,1.583
1.483,1.59,1.587
1.486,1.591,1.586
1.489,1.593,1.584
1.493,1.596,1.587
1.496,1.6,1.592
1.499,1.605,1.594
1.503,1.61,1.594
1.506,1.614,1.594
1.509,1.618,1.593
1.513,1.619,1.595
1.516,1.619,1.601
1.519,1.619,1.605
1.523,1.619,1.607
1.526,1.62,1.608
1.529,1.621,1.611
1.533,1.622,1.615
1.536,1.623,1.616
1.539,1.625,1.617
1.543,1.627,1.619
1.546,1.629,1.622
1.549,1.631,1.623
1.553,1.634,1.623
1.556,1.638,1.627
1.559,1.641,1.633
1.563,1.644,1.64
1.566,1.647,1.642
1.569,1.653,1.641
1.573,1.66,1.643
1.576,1.661,1.646
1.579,1.662,1.646
1.583,1.664,1.651
1.586,1.667,1.657
1.589,1.673,1.658
1.593,1.677,1.657
1.596,1.68,1.659
1.599,1.681,1.661
1.603,1.682,1.663
1.606,1.684,1.666
1.609,1.686,1.67
1.613,1.689,1.672
1.616,1.693,1.673
1.619,1.695,1.676
1.623,1.698,1.68
1.626,1.704,1.684
1.629,1.711,1.686
1.633,1.712,1.69
1.636,1.711,1.695
1.639,1.713,1.7
1.643,1.718,1.704
1.646,1.722,1.709
1.649,1.724,1.712
1.653,1.728,1.715
1.656,1.733,1.719
1.659,1.737,1.724
1.663,1.739,1.727
1.666,1.74,1.726
1.669,1.74,1.727
1.673,1.742,1.73
1.676,1.744,1.734
1.679,1.747,1.738
1.683,1.75,1.741
1.686,1.751,1.742
1.689,1.752,1.742
1.693,1.755,1.743
1.696,1.76,1.747
1.699,1.763,1.749
1.703,1.763,1.753
1.706,1.764,1.755
1.709,1.769,1.759
1.713,1.776,1.761
1.716,1.786,1.765
1.719,1.797,1.768
1.723,1.802,1.772
1.726,1.804,1.777
1.729,1.807,1.782
1.733,1.812,1.784
1.736,1.814,1.787
1.739,1.816,1.791
1.743,1.819,1.794
1.746,1.818,1.796
1.749,1.819,1.797
1.753,1.824,1.799
1.756,1.831,1.804
1.759,1.835,1.807
1.763,1.837,1.808
1.766,1.839,1.811
1.769,1.839,1.816
1.773,1.84,1.821
1.776,1.843,1.823
1.779,1.846,1.827
1.783,1.85,1.833
1.786,1.854,1.838
1.789,1.858,1.838
1.793,1.86,1.838
1.796,1.86,1.842
1.799,1.862,1.846
1.803,1.865,1.854
1.806,1.867,1.863
1.809,1.873,1.869
1.813,1.88,1.871
1.816,1.885,1.873
1.819,1.889,1.877
1.823,1.894,1.882
1.826,1.899,1.886
1.829,1.905,1.891
1.833,1.91,1.896
1.836,1.915,1.899
1.839,1.921,1.903
1.843,1.927,1.909
1.846,1.933,1.913
1.849,1.939,1.915
1.853,1.943,1.917
1.856,1.946,1.923
1.859,1.95,1.932
1.863,1.954,1.94
1.866,1.956,1.945
1.869,1.958,1.947
1.873,1.962,1.948
1.876,1.967,1.95
1.879,1.97,1.955
1.883,1.972,1.96
1.886,1.978,1.965
1.889,1.986,1.972
1.893,1.996,1.98
1.896,2.003,1.986
1.899,2.009,1.99
1.903,2.017,1.995
1.906,2.025,2.003
1.909,2.032,2.012
1.913,2.038,2.019
1.916,2.047,2.026
1.919,2.057,2.04
1.923,2.066,2.052
1.926,2.072,2.06
1.929,2.08,2.064
1.933,2.092,2.073
1.936,2.103,2.086
1.939,2.112,2.098
1.943,2.122,2.109
1.946,2.132,2.123
1.949,2.147,2.136
1.953,2.167,2.149
1.956,2.193,2.161
1.959,2.227,2.177
1.963,2.268,2.199
1.966,2.314,2.216
1.969,2.365,2.241
1.972,2.424,2.274
1.976,2.49,2.316
1.979,2.562,2.354
1.982,2.634,2.369
1.986,2.711,2.383
1.989,2.795,2.432
