x;z_ini;z_fin
272.525;NaN;NaN
272.5;5.999;6.001
272.475;5.997;5.998
272.45;5.994;5.996
272.425;5.992;5.994
272.4;5.991;5.992
272.375;5.99;5.991
272.35;5.988;5.989
272.325;5.986;5.987
272.3;5.985;5.985
272.275;5.982;5.983
272.25;5.98;5.981
272.225;5.977;5.979
272.2;5.975;5.977
272.175;5.972;5.974
272.15;5.97;5.972
272.125;5.968;5.97
272.1;5.967;5.968
272.075;5.966;5.967
272.05;5.965;5.966
272.025;5.964;5.965
272;5.963;5.965
271.975;5.962;5.964
271.95;5.961;5.963
271.925;5.96;5.963
271.9;5.959;5.962
271.875;5.959;5.962
271.85;5.957;5.96
271.825;5.956;5.959
271.8;5.955;5.959
271.775;5.955;5.959
271.75;5.955;5.958
271.725;5.953;5.956
271.7;5.952;5.956
271.675;5.951;5.954
271.65;5.951;5.954
271.625;5.949;5.953
271.6;5.949;5.953
271.575;5.948;5.952
271.55;5.948;5.952
271.525;5.948;5.952
271.5;5.948;5.952
271.475;5.947;5.951
271.45;5.946;5.95
271.425;5.946;5.948
271.4;5.945;5.948
271.375;5.945;5.947
271.35;5.944;5.947
271.325;5.944;5.946
271.3;5.941;5.945
271.275;5.941;5.944
271.25;5.94;5.944
271.225;5.94;5.943
271.2;5.939;5.943
271.175;5.939;5.943
271.15;5.939;5.942
271.125;5.939;5.942
271.1;5.937;5.941
271.075;5.936;5.94
271.05;5.935;5.939
271.025;5.933;5.938
271;5.931;5.936
270.975;5.93;5.935
270.95;5.929;5.934
270.925;5.927;5.932
270.9;5.926;5.931
270.875;5.925;5.93
270.85;5.924;5.929
270.825;5.922;5.927
270.8;5.92;5.925
270.775;5.919;5.923
270.75;5.917;5.92
270.725;5.915;5.917
270.7;5.913;5.914
270.675;5.912;5.912
270.65;5.911;5.912
270.625;5.908;5.91
270.6;5.908;5.909
270.575;5.906;5.909
270.55;5.905;5.908
270.525;5.904;5.907
270.5;5.903;5.907
270.475;5.902;5.907
270.45;5.901;5.907
270.425;5.901;5.906
270.4;5.899;5.906
270.375;5.898;5.903
270.35;5.896;5.901
270.325;5.893;5.899
270.3;5.89;5.896
270.275;5.887;5.893
270.25;5.885;5.891
270.225;5.882;5.888
270.2;5.879;5.886
270.175;5.877;5.883
270.15;5.874;5.88
270.125;5.871;5.877
270.1;5.869;5.875
270.075;5.866;5.872
270.05;5.864;5.87
270.025;5.862;5.868
270;5.859;5.865
269.975;5.857;5.863
269.95;5.854;5.86
269.925;5.851;5.858
269.9;5.848;5.855
269.875;5.846;5.852
269.85;5.845;5.85
269.825;5.844;5.847
269.8;5.844;5.846
269.775;5.844;5.844
269.75;5.842;5.843
269.725;5.839;5.842
269.7;5.836;5.842
269.675;5.832;5.838
269.65;5.83;5.837
269.625;5.827;5.835
269.6;5.825;5.832
269.575;5.823;5.83
269.55;5.82;5.827
269.525;5.819;5.825
269.5;5.817;5.823
269.475;5.815;5.822
269.45;5.813;5.82
269.425;5.812;5.818
269.4;5.81;5.817
269.375;5.809;5.816
269.35;5.808;5.815
269.325;5.807;5.814
269.3;5.806;5.813
269.275;5.806;5.813
269.25;5.806;5.813
269.225;5.806;5.813
269.2;5.806;5.813
269.175;5.806;5.813
269.15;5.806;5.813
269.125;5.806;5.813
269.1;5.806;5.813
269.075;5.805;5.812
269.05;5.805;5.812
269.025;5.804;5.81
269;5.802;5.809
268.975;5.802;5.808
268.95;5.8;5.807
268.925;5.799;5.805
268.9;5.797;5.805
268.875;5.795;5.804
268.85;5.792;5.801
268.825;5.789;5.798
268.8;5.787;5.797
268.775;5.787;5.796
268.75;5.786;5.795
268.725;5.783;5.794
268.7;5.781;5.79
268.675;5.779;5.79
268.65;5.778;5.786
268.625;5.774;5.785
268.6;5.772;5.782
268.575;5.768;5.779
268.55;5.766;5.777
268.525;5.764;5.776
268.5;5.763;5.776
268.475;5.761;5.774
268.45;5.759;5.773
268.425;5.758;5.772
268.4;5.757;5.772
268.375;5.754;5.771
268.35;5.749;5.769
268.325;5.746;5.763
268.3;5.745;5.763
268.275;5.744;5.76
268.25;5.742;5.755
268.225;5.74;5.753
268.2;5.739;5.751
268.175;5.738;5.75
268.15;5.735;5.749
268.125;5.734;5.748
268.1;5.733;5.747
268.075;5.732;5.746
268.05;5.729;5.744
268.025;5.728;5.743
268;5.725;5.742
267.975;5.723;5.741
267.95;5.721;5.74
267.925;5.719;5.739
267.9;5.717;5.738
267.875;5.715;5.737
267.85;5.714;5.734
267.825;5.712;5.733
267.8;5.711;5.731
267.775;5.709;5.73
267.75;5.708;5.728
267.725;5.705;5.727
267.7;5.703;5.724
267.675;5.7;5.722
267.65;5.699;5.72
267.625;5.696;5.718
267.6;5.695;5.717
267.575;5.694;5.715
267.55;5.693;5.714
267.525;5.692;5.714
267.5;5.69;5.713
267.475;5.689;5.712
267.45;5.687;5.711
267.425;5.686;5.71
267.4;5.685;5.709
267.375;5.683;5.709
267.35;5.681;5.708
267.325;5.68;5.708
267.3;5.679;5.708
267.275;5.679;5.708
267.25;5.679;5.708
267.225;5.679;5.709
267.2;5.679;5.708
267.175;5.679;5.709
267.15;5.678;5.708
267.125;5.677;5.708
267.1;5.675;5.706
267.075;5.674;5.705
267.05;5.672;5.703
267.025;5.671;5.702
267;5.67;5.701
266.975;5.668;5.7
266.95;5.667;5.699
266.925;5.665;5.698
266.9;5.664;5.698
266.875;5.662;5.697
266.85;5.662;5.696
266.825;5.66;5.696
266.8;5.659;5.695
266.775;5.658;5.693
266.75;5.656;5.692
266.725;5.654;5.69
266.7;5.652;5.688
266.675;5.652;5.687
266.65;5.65;5.686
266.625;5.649;5.685
266.6;5.648;5.684
266.575;5.647;5.683
266.55;5.644;5.681
266.525;5.644;5.68
266.5;5.641;5.678
266.475;5.639;5.676
266.45;5.636;5.674
266.425;5.634;5.672
266.4;5.632;5.67
266.375;5.632;5.669
266.35;5.631;5.667
266.325;5.629;5.666
266.3;5.628;5.665
266.275;5.627;5.663
266.25;5.626;5.662
266.225;5.625;5.662
266.2;5.624;5.66
266.175;5.622;5.66
266.15;5.621;5.659
266.125;5.618;5.658
266.1;5.616;5.656
266.075;5.613;5.655
266.05;5.611;5.653
266.025;5.609;5.651
266;5.607;5.65
265.975;5.605;5.647
265.95;5.604;5.645
265.925;5.602;5.643
265.9;5.601;5.64
265.875;5.599;5.638
265.85;5.598;5.635
265.825;5.597;5.632
265.8;5.596;5.629
265.775;5.594;5.626
265.75;5.593;5.623
265.725;5.593;5.621
265.7;5.592;5.618
265.675;5.591;5.614
265.65;5.589;5.611
265.625;5.588;5.608
265.6;5.586;5.605
265.575;5.585;5.602
265.55;5.584;5.599
265.525;5.583;5.596
265.5;5.581;5.593
265.475;5.58;5.59
265.45;5.579;5.586
265.425;5.578;5.582
265.4;5.576;5.579
265.375;5.576;5.575
265.35;5.574;5.571
265.325;5.574;5.569
265.3;5.574;5.566
265.275;5.574;5.562
265.25;5.572;5.557
265.225;5.569;5.552
265.2;5.568;5.549
265.175;5.568;5.547
265.15;5.568;5.545
265.125;5.568;5.542
265.1;5.568;5.541
265.075;5.568;5.539
265.05;5.569;5.538
265.025;5.569;5.537
265;5.569;5.535
264.975;5.568;5.532
264.95;5.568;5.527
264.925;5.567;5.523
264.9;5.565;5.519
264.875;5.565;5.515
264.85;5.565;5.513
264.825;5.565;5.512
264.8;5.565;5.51
264.775;5.565;5.507
264.75;5.565;5.504
264.725;5.565;5.501
264.7;5.565;5.495
264.675;5.565;5.491
264.65;5.562;5.486
264.625;5.561;5.482
264.6;5.559;5.478
264.575;5.557;5.473
264.55;5.555;5.468
264.525;5.554;5.465
264.5;5.552;5.46
264.475;5.552;5.457
264.45;5.551;5.454
264.425;5.55;5.451
264.4;5.55;5.448
264.375;5.549;5.444
264.35;5.547;5.44
264.325;5.545;5.436
264.3;5.542;5.432
264.275;5.539;5.427
264.25;5.536;5.423
264.225;5.534;5.418
264.2;5.531;5.415
264.175;5.529;5.411
264.15;5.526;5.407
264.125;5.524;5.403
264.1;5.521;5.4
264.075;5.519;5.396
264.05;5.517;5.393
264.025;5.514;5.39
264;5.511;5.387
263.975;5.508;5.383
263.95;5.505;5.38
263.925;5.502;5.376
263.9;5.499;5.373
263.875;5.496;5.371
263.85;5.492;5.367
263.825;5.488;5.363
263.8;5.484;5.359
263.775;5.48;5.356
263.75;5.476;5.352
263.725;5.471;5.348
263.7;5.467;5.344
263.675;5.464;5.34
263.65;5.461;5.336
263.625;5.458;5.333
263.6;5.455;5.33
263.575;5.452;5.327
263.55;5.449;5.324
263.525;5.445;5.321
263.5;5.442;5.318
263.475;5.439;5.315
263.45;5.436;5.312
263.425;5.433;5.309
263.4;5.43;5.306
263.375;5.426;5.303
263.35;5.423;5.3
263.325;5.419;5.297
263.3;5.416;5.294
263.275;5.412;5.29
263.25;5.409;5.287
263.225;5.405;5.284
263.2;5.401;5.28
263.175;5.397;5.277
263.15;5.395;5.274
263.125;5.392;5.271
263.1;5.388;5.269
263.075;5.384;5.266
263.05;5.381;5.262
263.025;5.377;5.259
263;5.373;5.255
262.975;5.369;5.251
262.95;5.366;5.247
262.925;5.363;5.243
262.9;5.36;5.24
262.875;5.357;5.237
262.85;5.353;5.234
262.825;5.349;5.231
262.8;5.346;5.227
262.775;5.343;5.223
262.75;5.339;5.22
262.725;5.336;5.217
262.7;5.333;5.214
262.675;5.33;5.211
262.65;5.326;5.207
262.625;5.322;5.204
262.6;5.319;5.201
262.575;5.314;5.198
262.55;5.31;5.195
262.525;5.306;5.19
262.5;5.301;5.186
262.475;5.297;5.181
262.45;5.294;5.177
262.425;5.293;5.174
262.4;5.291;5.171
262.375;5.29;5.17
262.35;5.287;5.168
262.325;5.284;5.164
262.3;5.281;5.163
262.275;5.278;5.161
262.25;5.276;5.158
262.225;5.273;5.154
262.2;5.27;5.153
262.175;5.267;5.15
262.15;5.264;5.147
262.125;5.26;5.144
262.1;5.257;5.14
262.075;5.253;5.137
262.05;5.251;5.132
262.025;5.246;5.128
262;5.245;5.124
261.975;5.239;5.121
261.95;5.236;5.116
261.925;5.232;5.112
261.9;5.23;5.108
261.875;5.226;5.105
261.85;5.224;5.1
261.825;5.221;5.096
261.8;5.218;5.095
261.775;5.215;5.09
261.75;5.213;5.088
261.725;5.209;5.083
261.7;5.206;5.081
261.675;5.202;5.076
261.65;5.2;5.074
261.625;5.196;5.071
261.6;5.193;5.067
261.575;5.189;5.063
261.55;5.187;5.059
261.525;5.182;5.055
261.5;5.179;5.051
261.475;5.175;5.047
261.45;5.172;5.043
261.425;5.169;5.039
261.4;5.167;5.035
261.375;5.163;5.031
261.35;5.161;5.027
261.325;5.158;5.024
261.3;5.155;5.02
261.275;5.152;5.018
261.25;5.149;5.014
261.225;5.146;5.011
261.2;5.142;5.008
261.175;5.138;5.005
261.15;5.135;5.001
261.125;5.132;4.997
261.1;5.129;4.991
261.075;5.126;4.988
261.05;5.124;4.985
261.025;5.121;4.983
261;5.118;4.98
260.975;5.116;4.977
260.95;5.113;4.974
260.925;5.11;4.971
260.9;5.105;4.968
260.875;5.102;4.964
260.85;5.098;4.96
260.825;5.095;4.956
260.8;5.092;4.953
260.775;5.089;4.95
260.75;5.085;4.946
260.725;5.083;4.943
260.7;5.079;4.94
260.675;5.078;4.936
260.65;5.075;4.933
260.625;5.074;4.932
260.6;5.071;4.929
260.575;5.067;4.928
260.55;5.063;4.924
260.525;5.061;4.922
260.5;5.057;4.917
260.475;5.054;4.914
260.45;5.049;4.91
260.425;5.044;4.907
260.4;5.039;4.903
260.375;5.036;4.898
260.35;5.032;4.891
260.325;5.031;4.89
260.3;5.027;4.887
260.275;5.024;4.886
260.25;5.021;4.882
260.225;5.018;4.88
260.2;5.012;4.877
260.175;5.009;4.873
260.15;5.006;4.868
260.125;5.003;4.865
260.1;4.999;4.862
260.075;4.995;4.858
260.05;4.99;4.855
260.025;4.986;4.851
260;4.982;4.847
259.975;4.978;4.843
259.95;4.975;4.839
259.925;4.972;4.835
259.9;4.968;4.831
259.875;4.965;4.828
259.85;4.962;4.824
259.825;4.96;4.821
259.8;4.956;4.818
259.775;4.953;4.815
259.75;4.95;4.812
259.725;4.947;4.809
259.7;4.944;4.807
259.675;4.94;4.803
259.65;4.938;4.799
259.625;4.935;4.794
259.6;4.933;4.79
259.575;4.93;4.787
259.55;4.927;4.784
259.525;4.924;4.782
259.5;4.92;4.779
259.475;4.916;4.775
259.45;4.913;4.769
259.425;4.91;4.766
259.4;4.907;4.764
259.375;4.903;4.76
259.35;4.9;4.756
259.325;4.897;4.753
259.3;4.895;4.75
259.275;4.892;4.747
259.25;4.889;4.745
259.225;4.886;4.743
259.2;4.884;4.741
259.175;4.881;4.739
259.15;4.877;4.737
259.125;4.874;4.735
259.1;4.871;4.733
259.075;4.868;4.731
259.05;4.865;4.73
259.025;4.862;4.728
259;4.858;4.726
258.975;4.855;4.723
258.95;4.852;4.72
258.925;4.85;4.718
258.9;4.848;4.715
258.875;4.846;4.713
258.85;4.844;4.711
258.825;4.84;4.71
258.8;4.837;4.707
258.775;4.833;4.704
258.75;4.829;4.7
258.725;4.825;4.697
258.7;4.822;4.693
258.675;4.818;4.688
258.65;4.813;4.685
258.625;4.81;4.682
258.6;4.807;4.679
258.575;4.803;4.676
258.55;4.8;4.674
258.525;4.797;4.672
258.5;4.795;4.67
258.475;4.792;4.669
258.45;4.79;4.669
258.425;4.786;4.669
258.4;4.784;4.669
258.375;4.78;4.669
258.35;4.776;4.667
258.325;4.773;4.665
258.3;4.769;4.663
258.275;4.767;4.661
258.25;4.763;4.659
258.225;4.759;4.657
258.2;4.755;4.656
258.175;4.751;4.653
258.15;4.747;4.652
258.125;4.743;4.65
258.1;4.739;4.648
258.075;4.736;4.645
258.05;4.732;4.642
258.025;4.727;4.639
258;4.723;4.636
257.975;4.72;4.632
257.95;4.717;4.63
257.925;4.713;4.628
257.9;4.709;4.625
257.875;4.706;4.622
257.85;4.703;4.62
257.825;4.7;4.618
257.8;4.696;4.615
257.775;4.692;4.614
257.75;4.688;4.611
257.725;4.684;4.609
257.7;4.68;4.607
257.675;4.677;4.605
257.65;4.674;4.601
257.625;4.672;4.597
257.6;4.67;4.596
257.575;4.666;4.595
257.55;4.664;4.594
257.525;4.662;4.592
257.5;4.659;4.591
257.475;4.656;4.59
257.45;4.652;4.589
257.425;4.648;4.588
257.4;4.645;4.587
257.375;4.641;4.585
257.35;4.636;4.584
257.325;4.632;4.584
257.3;4.629;4.582
257.275;4.627;4.58
257.25;4.624;4.578
257.225;4.621;4.577
257.2;4.619;4.575
257.175;4.615;4.573
257.15;4.613;4.572
257.125;4.611;4.571
257.1;4.608;4.571
257.075;4.606;4.571
257.05;4.602;4.569
257.025;4.597;4.566
257;4.593;4.563
256.975;4.59;4.56
256.95;4.587;4.557
256.925;4.584;4.555
256.9;4.583;4.553
256.875;4.582;4.553
256.85;4.581;4.552
256.825;4.58;4.551
256.8;4.579;4.55
256.775;4.58;4.551
256.75;4.577;4.551
256.725;4.573;4.549
256.7;4.568;4.547
256.675;4.564;4.543
256.65;4.56;4.54
256.625;4.557;4.538
256.6;4.556;4.537
256.575;4.555;4.537
256.55;4.555;4.537
256.525;4.554;4.537
256.5;4.554;4.537
256.475;4.552;4.537
256.45;4.551;4.537
256.425;4.549;4.537
256.4;4.547;4.537
256.375;4.545;4.536
256.35;4.544;4.535
256.325;4.543;4.534
256.3;4.543;4.534
256.275;4.542;4.534
256.25;4.54;4.534
256.225;4.538;4.534
256.2;4.537;4.534
256.175;4.536;4.534
256.15;4.535;4.533
256.125;4.533;4.533
256.1;4.531;4.532
256.075;4.53;4.531
256.05;4.528;4.53
256.025;4.525;4.529
256;4.523;4.527
255.975;4.521;4.525
255.95;4.519;4.524
255.925;4.517;4.523
255.9;4.516;4.522
255.875;4.513;4.52
255.85;4.511;4.519
255.825;4.509;4.518
255.8;4.507;4.517
255.775;4.505;4.516
255.75;4.504;4.516
255.725;4.502;4.515
255.7;4.5;4.515
255.675;4.498;4.514
255.65;4.497;4.513
255.625;4.496;4.512
255.6;4.494;4.511
255.575;4.491;4.51
255.55;4.488;4.508
255.525;4.488;4.507
255.5;4.485;4.506
255.475;4.484;4.506
255.45;4.481;4.506
255.425;4.48;4.506
255.4;4.477;4.506
255.375;4.476;4.506
255.35;4.473;4.506
255.325;4.472;4.506
255.3;4.47;4.505
255.275;4.469;4.504
255.25;4.468;4.503
255.225;4.466;4.499
255.2;4.466;4.497
255.175;4.465;4.494
255.15;4.464;4.493
255.125;4.463;4.492
255.1;4.462;4.491
255.075;4.46;4.491
255.05;4.459;4.49
255.025;4.456;4.49
255;4.455;4.489
254.975;4.453;4.489
254.95;4.451;4.488
254.925;4.448;4.488
254.9;4.446;4.487
254.875;4.444;4.486
254.85;4.443;4.485
254.825;4.442;4.483
254.8;4.441;4.48
254.775;4.44;4.477
254.75;4.439;4.474
254.725;4.438;4.473
254.7;4.436;4.472
254.675;4.436;4.471
254.65;4.435;4.471
254.625;4.435;4.471
254.6;4.435;4.471
254.575;4.435;4.471
254.55;4.435;4.471
254.525;4.434;4.471
254.5;4.434;4.471
254.475;4.434;4.471
254.45;4.434;4.472
254.425;4.434;4.472
254.4;4.434;4.472
254.375;4.434;4.472
254.35;4.433;4.472
254.325;4.432;4.472
254.3;4.43;4.472
254.275;4.429;4.471
254.25;4.427;4.471
254.225;4.425;4.468
254.2;4.423;4.466
254.175;4.422;4.465
254.15;4.421;4.462
254.125;4.42;4.46
254.1;4.421;4.459
254.075;4.42;4.458
254.05;4.419;4.456
254.025;4.418;4.456
254;4.417;4.455
253.975;4.415;4.455
253.95;4.413;4.454
253.925;4.411;4.453
253.9;4.41;4.451
253.875;4.409;4.45
253.85;4.407;4.449
253.825;4.406;4.447
253.8;4.405;4.444
253.775;4.404;4.441
253.75;4.404;4.437
253.725;4.402;4.434
253.7;4.402;4.43
253.675;4.402;4.428
253.65;4.402;4.426
253.625;4.402;4.426
253.6;4.402;4.425
253.575;4.402;4.425
253.55;4.402;4.424
253.525;4.402;4.423
253.5;4.402;4.423
253.475;4.402;4.421
253.45;4.402;4.419
253.425;4.402;4.417
253.4;4.402;4.416
253.375;4.402;4.415
253.35;4.402;4.414
253.325;4.4;4.413
253.3;4.397;4.412
253.275;4.395;4.41
253.25;4.393;4.408
253.225;4.391;4.406
253.2;4.39;4.405
253.175;4.39;4.404
253.15;4.39;4.404
253.125;4.39;4.404
253.1;4.39;4.403
253.075;4.39;4.403
253.05;4.39;4.399
253.025;4.39;4.395
253;4.39;4.391
252.975;4.388;4.386
252.95;4.387;4.381
252.925;4.387;4.376
252.9;4.387;4.373
252.875;4.387;4.372
252.85;4.386;4.372
252.825;4.386;4.372
252.8;4.383;4.37
252.775;4.38;4.363
252.75;4.377;4.36
252.725;4.374;4.358
252.7;4.371;4.357
252.675;4.368;4.356
252.65;4.365;4.356
252.625;4.363;4.356
252.6;4.36;4.356
252.575;4.357;4.356
252.55;4.355;4.356
252.525;4.352;4.356
252.5;4.349;4.356
252.475;4.347;4.356
252.45;4.346;4.356
252.425;4.345;4.356
252.4;4.343;4.357
252.375;4.342;4.357
252.35;4.341;4.357
252.325;4.34;4.357
252.3;4.338;4.357
252.275;4.335;4.357
252.25;4.332;4.357
252.225;4.329;4.357
252.2;4.325;4.356
252.175;4.322;4.356
252.15;4.319;4.356
252.125;4.316;4.356
252.1;4.314;4.356
252.075;4.311;4.356
252.05;4.308;4.356
252.025;4.305;4.356
252;4.302;4.356
251.975;4.301;4.356
251.95;4.3;4.356
251.925;4.3;4.356
251.9;4.3;4.356
251.875;4.3;4.356
251.85;4.301;4.356
251.825;4.301;4.356
251.8;4.301;4.356
251.775;4.301;4.357
251.75;4.301;4.357
251.725;4.302;4.357
251.7;4.303;4.356
251.675;4.303;4.356
251.65;4.303;4.354
251.625;4.304;4.352
251.6;4.305;4.348
251.575;4.306;4.344
251.55;4.306;4.337
251.525;4.306;4.332
251.5;4.306;4.327
251.475;4.306;4.322
251.45;4.306;4.318
251.425;4.306;4.313
251.4;4.306;4.307
251.375;4.304;4.303
251.35;4.301;4.299
251.325;4.297;4.295
251.3;4.294;4.29
251.275;4.291;4.282
251.25;4.29;4.273
251.225;4.287;4.264
251.2;4.285;4.255
251.175;4.282;4.248
251.15;4.279;4.242
251.125;4.276;4.235
251.1;4.274;4.23
251.075;4.272;4.224
251.05;4.271;4.218
251.025;4.27;4.213
251;4.269;4.209
250.975;4.269;4.206
250.95;4.269;4.202
250.925;4.269;4.199
250.9;4.269;4.198
250.875;4.27;4.197
250.85;4.27;4.197
250.825;4.27;4.196
250.8;4.27;4.195
250.775;4.27;4.195
250.75;4.27;4.195
250.725;4.272;4.195
250.7;4.273;4.195
250.675;4.275;4.195
250.65;4.277;4.196
250.625;4.278;4.196
250.6;4.278;4.198
250.575;4.279;4.199
250.55;4.28;4.201
250.525;4.28;4.203
250.5;4.28;4.206
250.475;4.28;4.207
250.45;4.28;4.208
250.425;4.279;4.21
250.4;4.279;4.211
250.375;4.277;4.212
250.35;4.275;4.213
250.325;4.273;4.214
250.3;4.27;4.214
250.275;4.266;4.214
250.25;4.264;4.214
250.225;4.26;4.213
250.2;4.257;4.21
250.175;4.254;4.207
250.15;4.251;4.201
250.125;4.247;4.197
250.1;4.243;4.189
250.075;4.238;4.181
250.05;4.233;4.173
250.025;4.228;4.165
250;4.222;4.158
249.975;4.216;4.152
249.95;4.209;4.146
249.925;4.202;4.141
249.9;4.195;4.136
249.875;4.189;4.133
249.85;4.181;4.129
249.825;4.17;4.127
249.8;4.16;4.126
249.775;4.152;4.125
249.75;4.144;4.125
249.725;4.138;4.126
249.7;4.134;4.126
249.675;4.13;4.126
249.65;4.126;4.127
249.625;4.123;4.131
249.6;4.12;4.135
249.575;4.118;4.138
249.55;4.118;4.141
249.525;4.117;4.144
249.5;4.117;4.147
249.475;4.117;4.15
249.45;4.117;4.154
249.425;4.118;4.157
249.4;4.119;4.159
249.375;4.121;4.161
249.35;4.125;4.162
249.325;4.128;4.161
249.3;4.132;4.161
249.275;4.135;4.16
249.25;4.136;4.156
249.225;4.139;4.152
249.2;4.139;4.146
249.175;4.139;4.142
249.15;4.137;4.137
249.125;4.134;4.131
249.1;4.128;4.125
249.075;4.122;4.12
249.05;4.115;4.115
249.025;4.107;4.111
249;4.099;4.106
248.975;4.091;4.101
248.95;4.084;4.097
248.925;4.078;4.092
248.9;4.072;4.09
248.875;4.067;4.088
248.85;4.062;4.087
248.825;4.057;4.087
248.8;4.055;4.087
248.775;4.052;4.087
248.75;4.051;4.087
248.725;4.051;4.087
248.7;4.05;4.088
248.675;4.05;4.088
248.65;4.051;4.092
248.625;4.051;4.096
248.6;4.054;4.102
248.575;4.058;4.11
248.55;4.063;4.118
248.525;4.071;4.127
248.5;4.075;4.133
248.475;4.079;4.136
248.45;4.081;4.138
248.425;4.084;4.139
248.4;4.085;4.143
248.375;4.09;4.146
248.35;4.097;4.148
248.325;4.102;4.149
248.3;4.105;4.146
248.275;4.107;4.142
248.25;4.109;4.137
248.225;4.111;4.132
248.2;4.112;4.127
248.175;4.113;4.122
248.15;4.113;4.118
248.125;4.113;4.112
248.1;4.113;4.106
248.075;4.113;4.1
248.05;4.113;4.095
248.025;4.108;4.09
248;4.102;4.085
247.975;4.096;4.084
247.95;4.09;4.081
247.925;4.085;4.08
247.9;4.079;4.079
247.875;4.073;4.078
247.85;4.067;4.078
247.825;4.061;4.078
247.8;4.054;4.078
247.775;4.047;4.079
247.75;4.042;4.081
247.725;4.038;4.084
247.7;4.035;4.087
247.675;4.034;4.091
247.65;4.033;4.097
247.625;4.033;4.104
247.6;4.031;4.11
247.575;4.031;4.116
247.55;4.03;4.12
247.525;4.03;4.126
247.5;4.03;4.13
247.475;4.03;4.135
247.45;4.03;4.139
247.425;4.03;4.142
247.4;4.031;4.145
247.375;4.031;4.15
247.35;4.033;4.153
247.325;4.035;4.155
247.3;4.038;4.155
247.275;4.041;4.154
247.25;4.043;4.152
247.225;4.045;4.149
247.2;4.049;4.143
247.175;4.053;4.137
247.15;4.057;4.13
247.125;4.061;4.123
247.1;4.066;4.116
247.075;4.071;4.11
247.05;4.076;4.105
247.025;4.081;4.1
247;4.085;4.095
246.975;4.087;4.091
246.95;4.091;4.089
246.925;4.093;4.086
246.9;4.095;4.084
246.875;4.096;4.082
246.85;4.096;4.081
246.825;4.096;4.081
246.8;4.095;4.082
246.775;4.095;4.082
246.75;4.096;4.082
246.725;4.092;4.082
246.7;4.086;4.082
246.675;4.079;4.084
246.65;4.072;4.086
246.625;4.065;4.089
246.6;4.059;4.093
246.575;4.054;4.096
246.55;4.05;4.101
246.525;4.047;4.106
246.5;4.045;4.111
246.475;4.043;4.118
246.45;4.042;4.125
246.425;4.04;4.132
246.4;4.037;4.139
246.375;4.036;4.143
246.35;4.035;4.147
246.325;4.035;4.152
246.3;4.035;4.158
246.275;4.036;4.162
246.25;4.036;4.167
246.225;4.039;4.17
246.2;4.042;4.173
246.175;4.046;4.174
246.15;4.049;4.175
246.125;4.053;4.175
246.1;4.057;4.175
246.075;4.061;4.171
246.05;4.065;4.164
246.025;4.068;4.159
246;4.071;4.153
245.975;4.073;4.147
245.95;4.074;4.142
245.925;4.076;4.136
245.9;4.077;4.129
245.875;4.078;4.12
245.85;4.078;4.112
245.825;4.078;4.106
245.8;4.078;4.099
245.775;4.076;4.095
245.75;4.071;4.091
245.725;4.065;4.088
245.7;4.057;4.084
245.675;4.049;4.08
245.65;4.04;4.077
245.625;4.031;4.075
245.6;4.023;4.073
245.575;4.015;4.072
245.55;4.009;4.072
245.525;4.004;4.072
245.5;4.001;4.073
245.475;3.997;4.073
245.45;3.995;4.073
245.425;3.994;4.073
245.4;3.993;4.074
245.375;3.993;4.075
245.35;3.994;4.077
245.325;3.994;4.08
245.3;3.994;4.086
245.275;3.994;4.09
245.25;3.996;4.094
245.225;3.998;4.097
245.2;4.002;4.101
245.175;4.007;4.102
245.15;4.011;4.102
245.125;4.016;4.104
245.1;4.021;4.105
245.075;4.027;4.106
245.05;4.032;4.105
245.025;4.037;4.101
245;4.042;4.096
244.975;4.047;4.092
244.95;4.051;4.09
244.925;4.056;4.086
244.9;4.061;4.079
244.875;4.065;4.072
244.85;4.068;4.067
244.825;4.071;4.062
244.8;4.073;4.058
244.775;4.075;4.055
244.75;4.078;4.052
244.725;4.08;4.05
244.7;4.08;4.047
244.675;4.079;4.045
244.65;4.075;4.044
244.625;4.071;4.042
244.6;4.067;4.04
244.575;4.062;4.037
244.55;4.055;4.037
244.525;4.049;4.037
244.5;4.042;4.037
244.475;4.036;4.037
244.45;4.03;4.037
244.425;4.024;4.037
244.4;4.018;4.038
244.375;4.012;4.04
244.35;4.007;4.043
244.325;4.002;4.047
244.3;3.998;4.051
244.275;3.995;4.055
244.25;3.993;4.058
244.225;3.992;4.063
244.2;3.992;4.066
244.175;3.99;4.066
244.15;3.987;4.066
244.125;3.984;4.066
244.1;3.983;4.066
244.075;3.983;4.066
244.05;3.983;4.066
244.025;3.983;4.066
244;3.983;4.066
243.975;3.984;4.066
243.95;3.988;4.067
243.925;3.991;4.063
243.9;3.994;4.058
243.875;3.997;4.053
243.85;3.998;4.048
243.825;4.001;4.044
243.8;4.003;4.04
243.775;4.003;4.037
243.75;4.003;4.035
243.725;4.001;4.032
243.7;3.996;4.029
243.675;3.99;4.027
243.65;3.984;4.027
243.625;3.978;4.024
243.6;3.971;4.021
243.575;3.966;4.018
243.55;3.961;4.014
243.525;3.954;4.011
243.5;3.946;4.009
243.475;3.939;4.007
243.45;3.931;4.005
243.425;3.926;4.001
243.4;3.92;3.997
243.375;3.915;3.994
243.35;3.911;3.988
243.325;3.908;3.984
243.3;3.906;3.979
243.275;3.906;3.975
243.25;3.904;3.972
243.225;3.903;3.968
243.2;3.904;3.966
243.175;3.904;3.964
243.15;3.904;3.962
243.125;3.904;3.961
243.1;3.904;3.961
243.075;3.904;3.96
243.05;3.905;3.96
243.025;3.906;3.96
243;3.908;3.96
242.975;3.91;3.96
242.95;3.912;3.96
242.925;3.913;3.96
242.9;3.914;3.959
242.875;3.911;3.957
242.85;3.904;3.956
242.825;3.899;3.953
242.8;3.893;3.95
242.775;3.887;3.947
242.75;3.883;3.94
242.725;3.878;3.936
242.7;3.874;3.93
242.675;3.87;3.927
242.65;3.866;3.922
242.625;3.861;3.918
242.6;3.857;3.916
242.575;3.852;3.911
242.55;3.848;3.909
242.525;3.846;3.907
242.5;3.844;3.904
242.475;3.842;3.901
242.45;3.841;3.899
242.425;3.841;3.897
242.4;3.841;3.894
242.375;3.841;3.891
242.35;3.841;3.89
242.325;3.841;3.888
242.3;3.841;3.887
242.275;3.841;3.886
242.25;3.841;3.885
242.225;3.842;3.884
242.2;3.841;3.884
242.175;3.84;3.884
242.15;3.838;3.884
242.125;3.835;3.884
242.1;3.832;3.884
242.075;3.827;3.887
242.05;3.821;3.889
242.025;3.817;3.893
242;3.812;3.896
241.975;3.809;3.899
241.95;3.804;3.902
241.925;3.801;3.905
241.9;3.799;3.908
241.875;3.797;3.91
241.85;3.795;3.912
241.825;3.795;3.914
241.8;3.795;3.914
241.775;3.795;3.914
241.75;3.796;3.913
241.725;3.796;3.913
241.7;3.797;3.912
241.675;3.798;3.908
241.65;3.802;3.904
241.625;3.806;3.9
241.6;3.811;3.896
241.575;3.814;3.892
241.55;3.816;3.889
241.525;3.815;3.887
241.5;3.812;3.884
241.475;3.807;3.883
241.45;3.802;3.881
241.425;3.797;3.88
241.4;3.79;3.879
241.375;3.784;3.877
241.35;3.777;3.874
241.325;3.77;3.871
241.3;3.764;3.866
241.275;3.759;3.862
241.25;3.755;3.859
241.225;3.752;3.857
241.2;3.75;3.855
241.175;3.747;3.853
241.15;3.745;3.852
241.125;3.746;3.851
241.1;3.746;3.85
241.075;3.746;3.85
241.05;3.746;3.851
241.025;3.748;3.851
241;3.749;3.851
240.975;3.753;3.852
240.95;3.759;3.853
240.925;3.764;3.853
240.9;3.769;3.853
240.875;3.775;3.853
240.85;3.78;3.85
240.825;3.785;3.845
240.8;3.789;3.838
240.775;3.794;3.831
240.75;3.798;3.826
240.725;3.802;3.821
240.7;3.805;3.816
240.675;3.806;3.812
240.65;3.805;3.806
240.625;3.799;3.802
240.6;3.794;3.798
240.575;3.788;3.795
240.55;3.784;3.792
240.525;3.78;3.79
240.5;3.778;3.789
240.475;3.771;3.788
240.45;3.76;3.788
240.425;3.748;3.785
240.4;3.737;3.782
240.375;3.727;3.781
240.35;3.718;3.78
240.325;3.711;3.779
240.3;3.703;3.779
240.275;3.697;3.779
240.25;3.693;3.78
240.225;3.691;3.782
240.2;3.688;3.787
240.175;3.687;3.79
240.15;3.686;3.793
240.125;3.685;3.795
240.1;3.684;3.797
240.075;3.684;3.798
240.05;3.683;3.799
240.025;3.683;3.8
240;3.684;3.798
239.975;3.685;3.794
239.95;3.688;3.786
239.925;3.692;3.78
239.9;3.697;3.774
239.875;3.702;3.771
239.85;3.707;3.766
239.825;3.713;3.762
239.8;3.719;3.755
239.775;3.724;3.75
239.75;3.73;3.744
239.725;3.735;3.74
239.7;3.74;3.734
239.675;3.743;3.73
239.65;3.746;3.727
239.625;3.749;3.724
239.6;3.752;3.722
239.575;3.755;3.72
239.55;3.756;3.72
239.525;3.757;3.72
239.5;3.756;3.721
239.475;3.749;3.723
239.45;3.743;3.726
239.425;3.739;3.731
239.4;3.733;3.735
239.375;3.729;3.74
239.35;3.724;3.745
239.325;3.715;3.749
239.3;3.705;3.75
239.275;3.696;3.75
239.25;3.687;3.751
239.225;3.678;3.752
239.2;3.669;3.752
239.175;3.661;3.752
239.15;3.655;3.752
239.125;3.649;3.752
239.1;3.645;3.752
239.075;3.64;3.751
239.05;3.638;3.751
239.025;3.636;3.75
239;3.635;3.75
238.975;3.635;3.75
238.95;3.635;3.75
238.925;3.635;3.75
238.9;3.635;3.75
238.875;3.635;3.75
238.85;3.636;3.751
238.825;3.637;3.751
238.8;3.64;3.753
238.775;3.645;3.754
238.75;3.651;3.756
238.725;3.656;3.759
238.7;3.664;3.76
238.675;3.67;3.762
238.65;3.676;3.764
238.625;3.682;3.766
238.6;3.687;3.768
238.575;3.693;3.769
238.55;3.699;3.77
238.525;3.705;3.771
238.5;3.711;3.771
238.475;3.715;3.771
238.45;3.721;3.771
238.425;3.726;3.771
238.4;3.73;3.768
238.375;3.733;3.765
238.35;3.735;3.759
238.325;3.736;3.753
238.3;3.737;3.747
238.275;3.734;3.743
238.25;3.729;3.738
238.225;3.722;3.733
238.2;3.714;3.729
238.175;3.704;3.724
238.15;3.694;3.72
238.125;3.684;3.716
238.1;3.672;3.711
238.075;3.661;3.707
238.05;3.651;3.702
238.025;3.642;3.699
238;3.634;3.696
237.975;3.626;3.694
237.95;3.619;3.692
237.925;3.614;3.69
237.9;3.608;3.689
237.875;3.602;3.688
237.85;3.6;3.687
237.825;3.597;3.687
237.8;3.595;3.687
237.775;3.595;3.687
237.75;3.594;3.687
237.725;3.594;3.687
237.7;3.594;3.687
237.675;3.595;3.689
237.65;3.598;3.694
237.625;3.601;3.699
237.6;3.607;3.703
237.575;3.614;3.706
237.55;3.621;3.709
237.525;3.627;3.711
237.5;3.634;3.712
237.475;3.639;3.712
237.45;3.643;3.713
237.425;3.648;3.714
237.4;3.655;3.713
237.375;3.66;3.711
237.35;3.665;3.707
237.325;3.67;3.704
237.3;3.676;3.7
237.275;3.679;3.695
237.25;3.68;3.687
237.225;3.677;3.679
237.2;3.673;3.672
237.175;3.668;3.664
237.15;3.663;3.656
237.125;3.658;3.65
237.1;3.653;3.644
237.075;3.647;3.637
237.05;3.641;3.63
237.025;3.633;3.623
237;3.624;3.616
236.975;3.615;3.612
236.95;3.606;3.609
236.925;3.598;3.606
236.9;3.591;3.605
236.875;3.584;3.604
236.85;3.578;3.605
236.825;3.575;3.605
236.8;3.572;3.606
236.775;3.571;3.61
236.75;3.57;3.616
236.725;3.57;3.621
236.7;3.57;3.628
236.675;3.571;3.635
236.65;3.575;3.642
236.625;3.579;3.65
236.6;3.583;3.658
236.575;3.588;3.666
236.55;3.594;3.672
236.525;3.6;3.676
236.5;3.605;3.681
236.475;3.61;3.685
236.45;3.615;3.689
236.425;3.619;3.694
236.4;3.625;3.697
236.375;3.628;3.701
236.35;3.632;3.705
236.325;3.636;3.706
236.3;3.641;3.708
236.275;3.643;3.709
236.25;3.645;3.71
236.225;3.645;3.711
236.2;3.645;3.711
236.175;3.644;3.712
236.15;3.64;3.706
236.125;3.634;3.701
236.1;3.627;3.694
236.075;3.619;3.687
236.05;3.612;3.68
236.025;3.604;3.673
236;3.596;3.664
235.975;3.587;3.654
235.95;3.579;3.645
235.925;3.571;3.635
235.9;3.563;3.628
235.875;3.56;3.622
235.85;3.557;3.617
235.825;3.554;3.611
235.8;3.551;3.605
235.775;3.551;3.6
235.75;3.552;3.597
235.725;3.553;3.594
235.7;3.554;3.593
235.675;3.558;3.592
235.65;3.564;3.592
235.625;3.571;3.592
235.6;3.579;3.593
235.575;3.586;3.594
235.55;3.595;3.597
235.525;3.606;3.599
235.5;3.611;3.603
235.475;3.62;3.607
235.45;3.63;3.611
235.425;3.635;3.615
235.4;3.644;3.617
235.375;3.65;3.62
235.35;3.656;3.622
235.325;3.662;3.624
235.3;3.669;3.624
235.275;3.675;3.624
235.25;3.68;3.622
235.225;3.686;3.618
235.2;3.69;3.614
235.175;3.696;3.609
235.15;3.699;3.604
235.125;3.702;3.598
235.1;3.704;3.593
235.075;3.706;3.588
235.05;3.707;3.583
235.025;3.707;3.579
235;3.705;3.574
234.975;3.702;3.57
234.95;3.698;3.566
234.925;3.693;3.563
234.9;3.687;3.561
234.875;3.681;3.559
234.85;3.676;3.558
234.825;3.669;3.557
234.8;3.661;3.557
234.775;3.652;3.558
234.75;3.642;3.561
234.725;3.634;3.564
234.7;3.626;3.567
234.675;3.618;3.572
234.65;3.612;3.576
234.625;3.607;3.582
234.6;3.603;3.586
234.575;3.599;3.589
234.55;3.596;3.592
234.525;3.595;3.595
234.5;3.595;3.596
234.475;3.596;3.596
234.45;3.596;3.596
234.425;3.597;3.594
234.4;3.598;3.59
234.375;3.6;3.584
234.35;3.603;3.577
234.325;3.608;3.57
234.3;3.612;3.563
234.275;3.616;3.558
234.25;3.621;3.553
234.225;3.625;3.549
234.2;3.63;3.546
234.175;3.635;3.544
234.15;3.64;3.543
234.125;3.645;3.542
234.1;3.649;3.542
234.075;3.653;3.543
234.05;3.658;3.545
234.025;3.662;3.548
234;3.666;3.554
233.975;3.668;3.56
233.95;3.672;3.566
233.925;3.674;3.573
233.9;3.678;3.579
233.875;3.679;3.585
233.85;3.681;3.592
233.825;3.682;3.597
233.8;3.683;3.603
233.775;3.683;3.606
233.75;3.683;3.609
233.725;3.683;3.611
233.7;3.684;3.614
233.675;3.685;3.615
233.65;3.685;3.617
233.625;3.684;3.618
233.6;3.684;3.619
233.575;3.684;3.619
233.55;3.68;3.619
233.525;3.674;3.616
233.5;3.668;3.609
233.475;3.66;3.601
233.45;3.653;3.593
233.425;3.646;3.584
233.4;3.641;3.576
233.375;3.634;3.569
233.35;3.627;3.563
233.325;3.622;3.557
233.3;3.616;3.551
233.275;3.61;3.547
233.25;3.604;3.543
233.225;3.599;3.539
233.2;3.594;3.536
233.175;3.59;3.534
233.15;3.587;3.532
233.125;3.583;3.532
233.1;3.579;3.532
233.075;3.575;3.533
233.05;3.571;3.535
233.025;3.569;3.537
233;3.567;3.542
232.975;3.565;3.547
232.95;3.564;3.553
232.925;3.564;3.558
232.9;3.564;3.563
232.875;3.564;3.569
232.85;3.564;3.572
232.825;3.565;3.577
232.8;3.567;3.582
232.775;3.571;3.586
232.75;3.576;3.589
232.725;3.581;3.593
232.7;3.588;3.595
232.675;3.594;3.597
232.65;3.6;3.598
232.625;3.604;3.599
232.6;3.61;3.599
232.575;3.615;3.599
232.55;3.618;3.597
232.525;3.621;3.593
232.5;3.625;3.589
232.475;3.629;3.585
232.45;3.634;3.582
232.425;3.639;3.579
232.4;3.647;3.577
232.375;3.652;3.575
232.35;3.654;3.572
232.325;3.656;3.568
232.3;3.655;3.562
232.275;3.655;3.552
232.25;3.655;3.545
232.225;3.655;3.541
232.2;3.655;3.537
232.175;3.655;3.533
232.15;3.655;3.53
232.125;3.655;3.526
232.1;3.655;3.526
232.075;3.652;3.526
232.05;3.647;3.527
232.025;3.643;3.528
232;3.635;3.531
231.975;3.63;3.535
231.95;3.623;3.539
231.925;3.614;3.545
231.9;3.603;3.549
231.875;3.593;3.554
231.85;3.582;3.56
231.825;3.571;3.565
231.8;3.56;3.569
231.775;3.549;3.573
231.75;3.537;3.578
231.725;3.526;3.58
231.7;3.517;3.584
231.675;3.507;3.587
231.65;3.497;3.59
231.625;3.49;3.593
231.6;3.482;3.595
231.575;3.476;3.596
231.55;3.47;3.598
231.525;3.465;3.599
231.5;3.46;3.6
231.475;3.455;3.601
231.45;3.453;3.601
231.425;3.451;3.601
231.4;3.45;3.601
231.375;3.45;3.601
231.35;3.449;3.601
231.325;3.449;3.6
231.3;3.449;3.598
231.275;3.449;3.595
231.25;3.449;3.593
231.225;3.449;3.588
231.2;3.449;3.585
231.175;3.449;3.579
231.15;3.449;3.574
231.125;3.449;3.568
231.1;3.45;3.563
231.075;3.45;3.555
231.05;3.45;3.548
231.025;3.45;3.539
231;3.45;3.531
230.975;3.45;3.52
230.95;3.45;3.51
230.925;3.45;3.5
230.9;3.45;3.489
230.875;3.45;3.479
230.85;3.449;3.471
230.825;3.449;3.463
230.8;3.449;3.457
230.775;3.447;3.452
230.75;3.445;3.447
230.725;3.442;3.444
230.7;3.439;3.44
230.675;3.436;3.438
230.65;3.433;3.435
230.625;3.428;3.434
230.6;3.424;3.433
230.575;3.418;3.433
230.55;3.413;3.433
230.525;3.407;3.433
230.5;3.401;3.433
230.475;3.394;3.432
230.45;3.386;3.432
230.425;3.379;3.432
230.4;3.373;3.432
230.375;3.367;3.432
230.35;3.36;3.433
230.325;3.354;3.433
230.3;3.348;3.433
230.275;3.342;3.434
230.25;3.336;3.435
230.225;3.33;3.436
230.2;3.325;3.436
230.175;3.32;3.436
230.15;3.316;3.436
230.125;3.313;3.437
230.1;3.31;3.438
230.075;3.306;3.438
230.05;3.302;3.438
230.025;3.299;3.438
230;3.295;3.437
229.975;3.293;3.437
229.95;3.29;3.437
229.925;3.287;3.436
229.9;3.284;3.434
229.875;3.282;3.432
229.85;3.28;3.429
229.825;3.279;3.426
229.8;3.279;3.422
229.775;3.278;3.418
229.75;3.278;3.415
229.725;3.277;3.411
229.7;3.277;3.408
229.675;3.277;3.406
229.65;3.277;3.403
229.625;3.277;3.401
229.6;3.277;3.398
229.575;3.278;3.397
229.55;3.278;3.395
229.525;3.278;3.393
229.5;3.278;3.392
229.475;3.278;3.391
229.45;3.278;3.39
229.425;3.278;3.39
229.4;3.278;3.39
229.375;3.279;3.39
229.35;3.279;3.391
229.325;3.28;3.391
229.3;3.28;3.391
229.275;3.281;3.391
229.25;3.281;3.393
229.225;3.283;3.395
229.2;3.284;3.398
229.175;3.285;3.399
229.15;3.285;3.402
229.125;3.287;3.403
229.1;3.288;3.405
229.075;3.289;3.408
229.05;3.291;3.409
229.025;3.294;3.411
229;3.297;3.413
228.975;3.299;3.414
228.95;3.301;3.415
228.925;3.305;3.417
228.9;3.308;3.418
228.875;3.312;3.421
228.85;3.315;3.423
228.825;3.318;3.426
228.8;3.322;3.428
228.775;3.327;3.431
228.75;3.332;3.434
228.725;3.336;3.437
228.7;3.341;3.439
228.675;3.347;3.442
228.65;3.352;3.444
228.625;3.357;3.448
228.6;3.362;3.45
228.575;3.367;3.453
228.55;3.372;3.456
228.525;3.376;3.459
228.5;3.381;3.461
228.475;3.385;3.464
228.45;3.389;3.467
228.425;3.392;3.47
228.4;3.396;3.473
228.375;3.401;3.477
228.35;3.404;3.48
228.325;3.408;3.484
228.3;3.411;3.489
228.275;3.415;3.493
228.25;3.42;3.496
228.225;3.423;3.499
228.2;3.427;3.502
228.175;3.43;3.506
228.15;3.433;3.509
228.125;3.438;3.511
228.1;3.442;3.513
228.075;3.445;3.514
228.05;3.449;3.516
228.025;3.452;3.519
228;3.455;3.52
227.975;3.459;3.524
227.95;3.463;3.527
227.925;3.468;3.53
227.9;3.471;3.534
227.875;3.475;3.537
227.85;3.478;3.538
227.825;3.48;3.539
227.8;3.48;3.541
227.775;3.481;3.542
227.75;3.482;3.544
227.725;3.482;3.546
227.7;3.484;3.549
227.675;3.485;3.551
227.65;3.487;3.553
227.625;3.488;3.555
227.6;3.489;3.556
227.575;3.489;3.556
227.55;3.489;3.558
227.525;3.493;3.561
227.5;3.493;3.563
227.475;3.496;3.565
227.45;3.497;3.565
227.425;3.5;3.569
227.4;3.503;3.57
227.375;3.503;3.573
227.35;3.506;3.575
227.325;3.505;3.577
227.3;3.508;3.58
227.275;3.508;3.583
227.25;3.51;3.586
227.225;3.512;3.589
227.2;3.515;3.592
227.175;3.517;3.596
227.15;3.519;3.599
227.125;3.523;3.602
227.1;3.524;3.604
227.075;3.527;3.607
227.05;3.528;3.609
227.025;3.53;3.612
227;3.533;3.617
226.975;3.535;3.62
226.95;3.539;3.623
226.925;3.542;3.625
226.9;3.546;3.628
226.875;3.549;3.63
226.85;3.552;3.633
226.825;3.556;3.635
226.8;3.558;3.638
226.775;3.562;3.639
226.75;3.565;3.641
226.725;3.568;3.643
226.7;3.572;3.644
226.675;3.575;3.645
226.65;3.578;3.646
226.625;3.581;3.647
226.6;3.582;3.648
226.575;3.583;3.649
226.55;3.585;3.65
226.525;3.586;3.652
226.5;3.59;3.653
226.475;3.591;3.654
226.45;3.594;3.656
226.425;3.596;3.657
226.4;3.599;3.659
226.375;3.6;3.66
226.35;3.602;3.662
226.325;3.604;3.663
226.3;3.605;3.664
226.275;3.607;3.664
226.25;3.609;3.666
226.225;3.611;3.667
226.2;3.613;3.668
226.175;3.615;3.669
226.15;3.617;3.67
226.125;3.619;3.671
226.1;3.621;3.673
226.075;3.622;3.674
226.05;3.624;3.674
226.025;3.624;3.675
226;3.626;3.675
225.975;3.626;3.675
225.95;3.628;3.675
225.925;3.628;3.675
225.9;3.628;3.675
225.875;3.63;3.676
225.85;3.63;3.676
225.825;3.63;3.676
225.8;3.63;3.676
225.775;3.63;3.676
225.75;3.63;3.675
225.725;3.63;3.675
225.7;3.63;3.675
225.675;3.63;3.675
225.65;3.63;3.675
225.625;3.63;3.674
225.6;3.63;3.673
225.575;3.63;3.672
225.55;3.63;3.671
225.525;3.63;3.671
225.5;3.63;3.67
225.475;3.63;3.67
225.45;3.63;3.669
225.425;3.63;3.668
225.4;3.63;3.667
225.375;3.629;3.666
225.35;3.629;3.665
225.325;3.629;3.663
225.3;3.629;3.662
225.275;3.629;3.661
225.25;3.629;3.659
225.225;3.627;3.658
225.2;3.626;3.657
225.175;3.625;3.656
225.15;3.624;3.655
225.125;3.623;3.654
225.1;3.622;3.654
225.075;3.621;3.653
225.05;3.619;3.651
225.025;3.619;3.651
225;3.617;3.65
224.975;3.616;3.649
224.95;3.615;3.648
224.925;3.613;3.646
224.9;3.613;3.645
224.875;3.611;3.645
224.85;3.61;3.644
224.825;3.609;3.642
224.8;3.608;3.641
224.775;3.607;3.64
224.75;3.606;3.639
224.725;3.605;3.637
224.7;3.604;3.636
224.675;3.604;3.634
224.65;3.602;3.633
224.625;3.602;3.632
224.6;3.601;3.63
224.575;3.598;3.627
224.55;3.595;3.623
224.525;3.594;3.62
224.5;3.592;3.618
224.475;3.591;3.617
224.45;3.59;3.615
224.425;3.589;3.614
224.4;3.589;3.614
224.375;3.589;3.613
224.35;3.589;3.613
224.325;3.589;3.613
224.3;3.589;3.612
224.275;3.589;3.611
224.25;3.589;3.608
224.225;3.587;3.605
224.2;3.585;3.604
224.175;3.585;3.603
224.15;3.585;3.603
224.125;3.586;3.603
224.1;3.585;3.602
224.075;3.585;3.6
224.05;3.583;3.598
224.025;3.58;3.595
224;3.578;3.592
223.975;3.575;3.589
223.95;3.573;3.587
223.925;3.571;3.585
223.9;3.569;3.583
223.875;3.567;3.582
223.85;3.566;3.579
223.825;3.564;3.577
223.8;3.562;3.574
223.775;3.559;3.571
223.75;3.557;3.568
223.725;3.554;3.565
223.7;3.551;3.562
223.675;3.549;3.559
223.65;3.546;3.557
223.625;3.544;3.555
223.6;3.542;3.553
223.575;3.54;3.551
223.55;3.538;3.549
223.525;3.536;3.547
223.5;3.533;3.545
223.475;3.531;3.542
223.45;3.528;3.539
223.425;3.525;3.536
223.4;3.522;3.533
223.375;3.519;3.53
223.35;3.516;3.528
223.325;3.514;3.525
223.3;3.511;3.522
223.275;3.509;3.52
223.25;3.506;3.517
223.225;3.504;3.515
223.2;3.501;3.512
223.175;3.497;3.507
223.15;3.494;3.505
223.125;3.491;3.502
223.1;3.488;3.499
223.075;3.485;3.496
223.05;3.483;3.493
223.025;3.481;3.491
223;3.479;3.488
222.975;3.476;3.485
222.95;3.473;3.481
222.925;3.471;3.477
222.9;3.467;3.474
222.875;3.464;3.471
222.85;3.461;3.468
222.825;3.459;3.465
222.8;3.456;3.461
222.775;3.453;3.458
222.75;3.45;3.455
222.725;3.447;3.451
222.7;3.444;3.448
222.675;3.441;3.444
222.65;3.438;3.44
222.625;3.435;3.438
222.6;3.432;3.435
222.575;3.428;3.431
222.55;3.425;3.428
222.525;3.421;3.424
222.5;3.418;3.42
222.475;3.415;3.417
222.45;3.412;3.413
222.425;3.41;3.411
222.4;3.408;3.408
222.375;3.406;3.406
222.35;3.404;3.402
222.325;3.402;3.4
222.3;3.399;3.397
222.275;3.396;3.395
222.25;3.394;3.392
222.225;3.393;3.39
222.2;3.392;3.387
222.175;3.39;3.385
222.15;3.388;3.384
222.125;3.387;3.382
222.1;3.386;3.381
222.075;3.384;3.38
222.05;3.382;3.377
222.025;3.378;3.374
222;3.375;3.37
221.975;3.371;3.366
221.95;3.367;3.363
221.925;3.363;3.359
221.9;3.36;3.356
221.875;3.357;3.353
221.85;3.353;3.35
221.825;3.35;3.347
221.8;3.347;3.344
221.775;3.343;3.341
221.75;3.339;3.338
221.725;3.335;3.334
221.7;3.331;3.331
221.675;3.328;3.328
221.65;3.324;3.325
221.625;3.32;3.322
221.6;3.317;3.319
221.575;3.313;3.316
221.55;3.309;3.312
221.525;3.305;3.31
221.5;3.301;3.306
221.475;3.297;3.302
221.45;3.293;3.298
221.425;3.289;3.294
221.4;3.285;3.289
221.375;3.28;3.285
221.35;3.276;3.281
221.325;3.272;3.277
221.3;3.267;3.272
221.275;3.263;3.267
221.25;3.259;3.263
221.225;3.255;3.259
221.2;3.25;3.255
221.175;3.245;3.251
221.15;3.24;3.247
221.125;3.236;3.242
221.1;3.231;3.239
221.075;3.226;3.235
221.05;3.221;3.231
221.025;3.216;3.227
221;3.212;3.223
220.975;3.207;3.22
220.95;3.202;3.217
220.925;3.197;3.214
220.9;3.192;3.21
220.875;3.187;3.207
220.85;3.182;3.203
220.825;3.178;3.2
220.8;3.173;3.196
220.775;3.168;3.193
220.75;3.163;3.189
220.725;3.159;3.184
220.7;3.155;3.181
220.675;3.151;3.176
220.65;3.146;3.172
220.625;3.141;3.167
220.6;3.137;3.163
220.575;3.133;3.158
220.55;3.129;3.154
220.525;3.125;3.152
220.5;3.122;3.148
220.475;3.117;3.143
220.45;3.113;3.139
220.425;3.108;3.134
220.4;3.103;3.13
220.375;3.099;3.126
220.35;3.094;3.123
220.325;3.088;3.119
220.3;3.084;3.115
220.275;3.079;3.112
220.25;3.073;3.108
220.225;3.067;3.103
220.2;3.062;3.099
220.175;3.056;3.095
220.15;3.051;3.09
220.125;3.046;3.086
220.1;3.041;3.082
220.075;3.036;3.077
220.05;3.03;3.073
220.025;3.025;3.069
220;3.021;3.066
219.975;3.017;3.061
219.95;3.014;3.058
219.925;3.01;3.053
219.9;3.005;3.05
219.875;3.003;3.046
219.85;2.998;3.04
219.825;2.992;3.036
219.8;2.988;3.032
219.775;2.983;3.028
219.75;2.978;3.023
219.725;2.973;3.018
219.7;2.968;3.013
219.675;2.963;3.008
219.65;2.957;3.003
219.625;2.951;2.998
219.6;2.946;2.992
219.575;2.939;2.987
219.55;2.932;2.981
219.525;2.925;2.977
219.5;2.919;2.973
219.475;2.915;2.97
219.45;2.909;2.963
219.425;2.901;2.959
219.4;2.896;2.955
219.375;2.889;2.95
219.35;2.883;2.944
219.325;2.876;2.938
219.3;2.868;2.932
219.275;2.858;2.921
219.25;2.846;2.919
219.225;2.841;2.914
219.2;2.835;2.91
219.175;2.828;2.901
219.15;2.82;2.895
219.125;2.813;2.89
219.1;2.807;2.884
219.075;2.801;2.88
219.05;2.795;2.873
219.025;2.793;2.87
219;2.786;2.863
218.975;2.783;2.86
218.95;2.777;2.853
218.925;2.774;2.85
218.9;2.768;2.843
218.875;2.764;2.837
218.85;2.76;2.833
218.825;2.754;2.827
218.8;2.75;2.822
218.775;2.744;2.816
218.75;2.739;2.812
218.725;2.733;2.805
218.7;2.726;2.801
218.675;2.719;2.795
218.65;2.712;2.791
218.625;2.704;2.785
218.6;2.695;2.781
218.575;2.685;2.775
218.55;2.677;2.77
218.525;2.668;2.765
218.5;2.658;2.759
218.475;2.647;2.753
218.45;2.637;2.747
218.425;2.628;2.741
218.4;2.616;2.735
218.375;2.607;2.729
218.35;2.597;2.721
218.325;2.587;2.715
218.3;2.578;2.708
218.275;2.573;2.701
218.25;2.567;2.693
218.225;2.563;2.685
218.2;2.561;2.675
218.175;2.559;2.666
218.15;2.557;2.657
218.125;2.556;2.648
218.1;2.555;2.64
218.075;2.553;2.632
218.05;2.552;2.624
218.025;2.551;2.618
218;2.549;2.612
217.975;2.545;2.607
217.95;2.538;2.603
217.925;2.53;2.597
217.9;2.523;2.593
217.875;2.515;2.589
217.85;2.508;2.585
217.825;2.5;2.579
217.8;2.492;2.575
217.775;2.484;2.569
217.75;2.476;2.562
217.725;2.47;2.554
217.7;2.468;2.547
217.675;2.465;2.539
217.65;2.462;2.53
217.625;2.46;2.521
217.6;2.458;2.513
217.575;2.458;2.504
217.55;2.459;2.496
217.525;2.459;2.488
217.5;2.459;2.481
217.475;2.459;2.475
217.45;2.461;2.47
217.425;2.463;2.463
217.4;2.466;2.457
217.375;2.47;2.45
217.35;2.474;2.444
217.325;2.477;2.44
217.3;2.48;2.435
217.275;2.481;2.43
217.25;2.482;2.427
217.225;2.483;2.424
217.2;2.483;2.423
217.175;2.483;2.423
217.15;2.482;2.423
217.125;2.482;2.423
217.1;2.481;2.419
217.075;2.48;2.414
217.05;2.479;2.409
217.025;2.479;2.404
217;2.479;2.4
216.975;2.479;2.397
216.95;2.479;2.392
216.925;2.479;2.388
216.9;2.478;2.385
216.875;2.477;2.381
216.85;2.474;2.378
216.825;2.47;2.376
216.8;2.466;2.374
216.775;2.462;2.37
216.75;2.458;2.369
216.725;2.454;2.367
216.7;2.45;2.366
216.675;2.446;2.365
216.65;2.442;2.365
216.625;2.438;2.365
216.6;2.433;2.365
216.575;2.429;2.365
216.55;2.425;2.365
216.525;2.421;2.365
216.5;2.417;2.365
216.475;2.412;2.364
216.45;2.408;2.364
216.425;2.403;2.362
216.4;2.398;2.361
216.375;2.392;2.358
216.35;2.386;2.356
216.325;2.381;2.353
216.3;2.375;2.35
216.275;2.371;2.348
216.25;2.366;2.347
216.225;2.36;2.346
216.2;2.352;2.344
216.175;2.346;2.341
216.15;2.339;2.338
216.125;2.331;2.334
216.1;2.322;2.331
216.075;2.314;2.327
216.05;2.305;2.325
216.025;2.298;2.323
216;2.29;2.322
215.975;2.282;2.321
215.95;2.275;2.32
215.925;2.27;2.319
215.9;2.264;2.319
215.875;2.259;2.318
215.85;2.255;2.318
215.825;2.251;2.317
215.8;2.247;2.316
215.775;2.243;2.314
215.75;2.239;2.312
215.725;2.235;2.312
215.7;2.231;2.311
215.675;2.229;2.31
215.65;2.227;2.31
215.625;2.225;2.31
215.6;2.224;2.31
215.575;2.222;2.31
215.55;2.221;2.31
215.525;2.218;2.309
215.5;2.214;2.303
215.475;2.21;2.299
215.45;2.204;2.295
215.425;2.197;2.292
215.4;2.192;2.287
215.375;2.186;2.282
215.35;2.18;2.28
215.325;2.174;2.275
215.3;2.17;2.269
215.275;2.165;2.263
215.25;2.164;2.258
215.225;2.163;2.253
215.2;2.161;2.249
215.175;2.16;2.243
215.15;2.157;2.239
215.125;2.156;2.235
215.1;2.155;2.232
215.075;2.155;2.227
215.05;2.155;2.224
215.025;2.155;2.22
215;2.155;2.217
214.975;2.155;2.214
214.95;2.155;2.21
214.925;2.156;2.209
214.9;2.156;2.208
214.875;2.155;2.207
214.85;2.155;2.206
214.825;2.151;2.205
214.8;2.146;2.205
214.775;2.141;2.205
214.75;2.136;2.205
214.725;2.131;2.205
214.7;2.128;2.205
214.675;2.126;2.205
214.65;2.125;2.205
214.625;2.124;2.205
214.6;2.125;2.205
214.575;2.125;2.205
214.55;2.125;2.205
214.525;2.125;2.205
214.5;2.125;2.205
214.475;2.125;2.204
214.45;2.125;2.202
214.425;2.124;2.201
214.4;2.121;2.199
214.375;2.116;2.197
214.35;2.111;2.194
214.325;2.105;2.191
214.3;2.1;2.189
214.275;2.095;2.186
214.25;2.09;2.183
214.225;2.084;2.181
214.2;2.081;2.179
214.175;2.078;2.178
214.15;2.075;2.176
214.125;2.074;2.175
214.1;2.073;2.173
214.075;2.073;2.171
214.05;2.075;2.169
214.025;2.077;2.167
214;2.078;2.165
213.975;2.078;2.163
213.95;2.077;2.16
213.925;2.076;2.159
213.9;2.075;2.157
213.875;2.074;2.155
213.85;2.07;2.153
213.825;2.064;2.151
213.8;2.057;2.15
213.775;2.05;2.147
213.75;2.044;2.145
213.725;2.038;2.142
213.7;2.032;2.139
213.675;2.027;2.136
213.65;2.025;2.133
213.625;2.025;2.13
213.6;2.024;2.127
213.575;2.025;2.123
213.55;2.026;2.12
213.525;2.028;2.117
213.5;2.029;2.114
213.475;2.03;2.112
213.45;2.032;2.11
213.425;2.034;2.108
213.4;2.035;2.108
213.375;2.035;2.108
213.35;2.035;2.108
213.325;2.035;2.108
213.3;2.035;2.108
213.275;2.035;2.108
213.25;2.035;2.107
213.225;2.035;2.107
213.2;2.034;2.105
213.175;2.033;2.104
213.15;2.032;2.104
213.125;2.032;2.104
213.1;2.032;2.104
213.075;2.033;2.105
213.05;2.036;2.105
213.025;2.04;2.105
213;2.045;2.105
212.975;2.05;2.104
212.95;2.055;2.104
212.925;2.06;2.104
212.9;2.062;2.102
212.875;2.067;2.101
212.85;2.069;2.098
212.825;2.071;2.096
212.8;2.073;2.093
212.775;2.075;2.09
212.75;2.076;2.086
212.725;2.077;2.082
212.7;2.077;2.079
212.675;2.077;2.076
212.65;2.076;2.072
212.625;2.075;2.072
212.6;2.073;2.072
212.575;2.07;2.072
212.55;2.066;2.072
212.525;2.063;2.072
212.5;2.058;2.072
212.475;2.054;2.072
212.45;2.05;2.072
212.425;2.046;2.072
212.4;2.041;2.072
212.375;2.037;2.072
212.35;2.034;2.072
212.325;2.032;2.072
212.3;2.029;2.072
212.275;2.027;2.072
212.25;2.025;2.069
212.225;2.024;2.064
212.2;2.022;2.059
212.175;2.019;2.052
212.15;2.016;2.046
212.125;2.013;2.042
212.1;2.01;2.037
212.075;2.008;2.033
212.05;2.005;2.029
212.025;2.003;2.026
212;2.002;2.023
211.975;2.001;2.02
211.95;1.999;2.017
211.925;1.997;2.014
211.9;1.995;2.012
211.875;1.991;2.009
211.85;1.986;2.006
211.825;1.981;2.004
211.8;1.975;2.002
211.775;1.968;2.001
211.75;1.963;1.999
211.725;1.957;1.997
211.7;1.951;1.996
211.675;1.942;1.995
211.65;1.936;1.994
211.625;1.93;1.992
211.6;1.926;1.991
211.575;1.923;1.989
211.55;1.921;1.986
211.525;1.92;1.982
211.5;1.92;1.978
211.475;1.92;1.973
211.45;1.92;1.969
211.425;1.92;1.964
211.4;1.92;1.959
211.375;1.92;1.953
211.35;1.921;1.947
211.325;1.917;1.941
211.3;1.912;1.935
211.275;1.906;1.93
211.25;1.902;1.925
211.225;1.9;1.92
211.2;1.895;1.916
211.175;1.891;1.914
211.15;1.887;1.913
211.125;1.882;1.913
211.1;1.877;1.913
211.075;1.873;1.912
211.05;1.87;1.911
211.025;1.868;1.908
211;1.866;1.902
210.975;1.863;1.895
210.95;1.857;1.889
210.925;1.852;1.885
210.9;1.846;1.88
210.875;1.839;1.875
210.85;1.836;1.87
210.825;1.833;1.864
210.8;1.832;1.859
210.775;1.832;1.856
210.75;1.832;1.853
210.725;1.832;1.85
210.7;1.832;1.847
210.675;1.831;1.846
210.65;1.83;1.846
210.625;1.83;1.846
210.6;1.83;1.85
210.575;1.829;1.852
210.55;1.827;1.852
210.525;1.825;1.851
210.5;1.822;1.85
210.475;1.819;1.847
210.45;1.815;1.842
210.425;1.81;1.841
210.4;1.809;1.839
210.375;1.809;1.837
210.35;1.809;1.834
210.325;1.809;1.833
210.3;1.81;1.83
210.275;1.814;1.829
210.25;1.818;1.826
210.225;1.821;1.824
210.2;1.825;1.822
210.175;1.828;1.821
210.15;1.832;1.82
210.125;1.836;1.82
210.1;1.839;1.82
210.075;1.843;1.82
210.05;1.844;1.82
210.025;1.846;1.82
210;1.847;1.819
209.975;1.848;1.818
209.95;1.848;1.817
209.925;1.848;1.815
209.9;1.848;1.811
209.875;1.848;1.807
209.85;1.846;1.805
209.825;1.842;1.803
209.8;1.837;1.801
209.775;1.836;1.799
209.75;1.833;1.798
209.725;1.831;1.797
209.7;1.83;1.797
209.675;1.829;1.797
209.65;1.828;1.797
209.625;1.827;1.796
209.6;1.827;1.795
209.575;1.826;1.794
209.55;1.825;1.793
209.525;1.825;1.791
209.5;1.824;1.79
209.475;1.823;1.786
209.45;1.821;1.783
209.425;1.818;1.78
209.4;1.816;1.779
209.375;1.816;1.777
209.35;1.815;1.776
209.325;1.815;1.774
209.3;1.815;1.772
209.275;1.815;1.77
209.25;1.815;1.77
209.225;1.815;1.769
209.2;1.816;1.769
209.175;1.819;1.769
209.15;1.819;1.769
209.125;1.819;1.769
209.1;1.819;1.769
209.075;1.818;1.769
209.05;1.818;1.769
209.025;1.818;1.77
209;1.815;1.77
208.975;1.81;1.77
208.95;1.804;1.77
208.925;1.8;1.77
208.9;1.796;1.77
208.875;1.792;1.77
208.85;1.79;1.77
208.825;1.79;1.77
208.8;1.789;1.77
208.775;1.789;1.769
208.75;1.789;1.767
208.725;1.789;1.766
208.7;1.788;1.764
208.675;1.788;1.762
208.65;1.786;1.759
208.625;1.784;1.755
208.6;1.781;1.754
208.575;1.777;1.752
208.55;1.774;1.751
208.525;1.771;1.75
208.5;1.766;1.75
208.475;1.763;1.75
208.45;1.757;1.75
208.425;1.753;1.749
208.4;1.749;1.747
208.375;1.746;1.745
208.35;1.745;1.744
208.325;1.744;1.742
208.3;1.744;1.74
208.275;1.744;1.737
208.25;1.743;1.733
208.225;1.742;1.731
208.2;1.739;1.727
208.175;1.736;1.723
208.15;1.732;1.719
208.125;1.728;1.714
208.1;1.725;1.709
208.075;1.723;1.703
208.05;1.723;1.699
208.025;1.722;1.695
208;1.722;1.689
207.975;1.722;1.683
207.95;1.722;1.679
207.925;1.722;1.677
207.9;1.722;1.676
207.875;1.722;1.675
207.85;1.722;1.675
207.825;1.722;1.675
207.8;1.722;1.675
207.775;1.722;1.674
207.75;1.723;1.674
207.725;1.72;1.674
207.7;1.716;1.672
207.675;1.711;1.669
207.65;1.705;1.666
207.625;1.699;1.662
207.6;1.693;1.658
207.575;1.687;1.655
207.55;1.681;1.652
207.525;1.675;1.651
207.5;1.671;1.649
207.475;1.667;1.649
207.45;1.665;1.649
207.425;1.664;1.65
207.4;1.663;1.65
207.375;1.663;1.65
207.35;1.663;1.647
207.325;1.663;1.642
207.3;1.663;1.637
207.275;1.662;1.632
207.25;1.66;1.628
207.225;1.658;1.626
207.2;1.652;1.624
207.175;1.648;1.622
207.15;1.644;1.621
207.125;1.642;1.618
207.1;1.64;1.617
207.075;1.639;1.617
207.05;1.639;1.617
207.025;1.64;1.617
207;1.64;1.619
206.975;1.64;1.621
206.95;1.64;1.621
206.925;1.639;1.624
206.9;1.638;1.624
206.875;1.636;1.625
206.85;1.632;1.625
206.825;1.628;1.624
206.8;1.625;1.624
206.775;1.62;1.624
206.75;1.614;1.624
206.725;1.607;1.624
206.7;1.604;1.624
206.675;1.603;1.624
206.65;1.601;1.62
206.625;1.601;1.616
206.6;1.602;1.613
206.575;1.601;1.61
206.55;1.602;1.606
206.525;1.602;1.604
206.5;1.602;1.603
206.475;1.601;1.605
206.45;1.597;1.606
206.425;1.59;1.606
206.4;1.585;1.606
206.375;1.58;1.603
206.35;1.578;1.602
206.325;1.576;1.6
206.3;1.574;1.597
206.275;1.572;1.594
206.25;1.57;1.59
206.225;1.569;1.586
206.2;1.566;1.582
206.175;1.563;1.578
206.15;1.56;1.575
206.125;1.559;1.574
206.1;1.559;1.576
206.075;1.559;1.578
206.05;1.56;1.585
206.025;1.56;1.59
206;1.562;1.592
205.975;1.564;1.592
205.95;1.564;1.591
205.925;1.562;1.591
205.9;1.56;1.591
205.875;1.558;1.591
205.85;1.556;1.589
205.825;1.552;1.588
205.8;1.549;1.585
205.775;1.545;1.585
205.75;1.541;1.585
205.725;1.538;1.581
205.7;1.536;1.577
205.675;1.536;1.573
205.65;1.536;1.569
205.625;1.536;1.564
205.6;1.534;1.559
205.575;1.532;1.556
205.55;1.531;1.553
205.525;1.531;1.548
205.5;1.531;1.544
205.475;1.531;1.54
205.45;1.53;1.538
205.425;1.53;1.535
205.4;1.53;1.534
205.375;1.53;1.535
205.35;1.53;1.533
205.325;1.528;1.529
205.3;1.526;1.523
205.275;1.522;1.52
205.25;1.52;1.518
205.225;1.517;1.519
205.2;1.515;1.519
205.175;1.514;1.517
205.15;1.513;1.515
205.125;1.51;1.511
205.1;1.508;1.507
205.075;1.508;1.503
205.05;1.505;1.5
205.025;1.503;1.497
205;1.5;1.496
204.975;1.497;1.495
204.95;1.494;1.495
204.925;1.491;1.495
204.9;1.489;1.494
204.875;1.487;1.491
204.85;1.484;1.489
204.825;1.483;1.488
204.8;1.482;1.488
204.775;1.483;1.488
204.75;1.482;1.488
204.725;1.482;1.488
204.7;1.482;1.488
204.675;1.482;1.486
204.65;1.483;1.484
204.625;1.483;1.481
204.6;1.484;1.48
204.575;1.484;1.48
204.55;1.481;1.478
204.525;1.477;1.476
204.5;1.473;1.472
204.475;1.469;1.469
204.45;1.465;1.467
204.425;1.463;1.463
204.4;1.463;1.461
204.375;1.462;1.46
204.35;1.462;1.46
204.325;1.462;1.46
204.3;1.463;1.46
204.275;1.465;1.46
204.25;1.467;1.462
204.225;1.467;1.466
204.2;1.467;1.467
204.175;1.466;1.467
204.15;1.464;1.467
204.125;1.461;1.466
204.1;1.458;1.464
204.075;1.453;1.462
204.05;1.452;1.459
204.025;1.451;1.458
204;1.451;1.457
203.975;1.451;1.457
203.95;1.451;1.457
203.925;1.451;1.458
203.9;1.452;1.458
203.875;1.452;1.458
203.85;1.452;1.457
203.825;1.453;1.457
203.8;1.452;1.457
203.775;1.452;1.456
203.75;1.451;1.455
203.725;1.447;1.454
203.7;1.443;1.453
203.675;1.439;1.452
203.65;1.436;1.449
203.625;1.433;1.446
203.6;1.432;1.445
203.575;1.433;1.444
203.55;1.434;1.443
203.525;1.435;1.444
203.5;1.437;1.444
203.475;1.44;1.444
203.45;1.44;1.444
203.425;1.441;1.444
203.4;1.442;1.445
203.375;1.442;1.446
203.35;1.442;1.446
203.325;1.441;1.446
203.3;1.44;1.446
203.275;1.44;1.446
203.25;1.44;1.445
203.225;1.44;1.445
203.2;1.442;1.441
203.175;1.445;1.437
203.15;1.449;1.433
203.125;1.452;1.427
203.1;1.455;1.421
203.075;1.457;1.415
203.05;1.458;1.408
203.025;1.46;1.402
203;1.463;1.395
202.975;1.464;1.389
202.95;1.466;1.383
202.925;1.466;1.377
202.9;1.465;1.375
202.875;1.465;1.373
202.85;1.464;1.373
202.825;1.461;1.372
202.8;1.456;1.373
202.775;1.45;1.373
202.75;1.444;1.373
202.725;1.439;1.373
202.7;1.433;1.373
202.675;1.428;1.372
202.65;1.423;1.372
202.625;1.418;1.372
202.6;1.414;1.372
202.575;1.41;1.372
202.55;1.407;1.372
202.525;1.404;1.372
202.5;1.402;1.373
202.475;1.401;1.376
202.45;1.398;1.379
202.425;1.395;1.383
202.4;1.391;1.386
202.375;1.385;1.388
202.35;1.376;1.39
202.325;1.369;1.391
202.3;1.362;1.391
202.275;1.356;1.391
202.25;1.349;1.391
202.225;1.343;1.391
202.2;1.336;1.391
202.175;1.33;1.391
202.15;1.328;1.391
202.125;1.327;1.39
202.1;1.322;1.389
202.075;1.319;1.389
202.05;1.316;1.388
202.025;1.314;1.387
202;1.313;1.385
201.975;1.312;1.384
201.95;1.311;1.384
201.925;1.311;1.382
201.9;1.31;1.379
201.875;1.31;1.375
201.85;1.31;1.371
201.825;1.31;1.37
201.8;1.31;1.367
201.775;1.31;1.363
201.75;1.31;1.356
201.725;1.308;1.35
201.7;1.307;1.344
201.675;1.306;1.337
201.65;1.305;1.331
201.625;1.304;1.325
201.6;1.302;1.319
201.575;1.299;1.313
201.55;1.295;1.31
201.525;1.291;1.306
201.5;1.286;1.302
201.475;1.281;1.297
201.45;1.276;1.294
201.425;1.273;1.292
201.4;1.272;1.291
201.375;1.271;1.289
201.35;1.27;1.288
201.325;1.27;1.286
201.3;1.27;1.284
201.275;1.27;1.281
201.25;1.27;1.278
201.225;1.271;1.274
201.2;1.273;1.27
201.175;1.275;1.266
201.15;1.278;1.263
201.125;1.28;1.263
201.1;1.281;1.265
201.075;1.281;1.266
201.05;1.281;1.267
201.025;1.281;1.267
201;1.279;1.267
200.975;1.277;1.267
200.95;1.273;1.267
200.925;1.271;1.267
200.9;1.269;1.267
200.875;1.267;1.264
200.85;1.263;1.261
200.825;1.259;1.258
200.8;1.255;1.257
200.775;1.251;1.255
200.75;1.25;1.253
200.725;1.248;1.25
200.7;1.248;1.248
200.675;1.248;1.246
200.65;1.248;1.246
200.625;1.249;1.246
200.6;1.249;1.246
200.575;1.249;1.246
200.55;1.248;1.245
200.525;1.245;1.246
200.5;1.243;1.244
200.475;1.24;1.241
200.45;1.237;1.237
200.425;1.237;1.232
200.4;1.238;1.227
200.375;1.236;1.222
200.35;1.231;1.219
200.325;1.225;1.216
200.3;1.219;1.216
200.275;1.214;1.217
200.25;1.212;1.217
200.225;1.211;1.216
200.2;1.209;1.216
200.175;1.209;1.216
200.15;1.208;1.217
200.125;1.208;1.216
200.1;1.208;1.214
200.075;1.208;1.212
200.05;1.204;1.207
200.025;1.201;1.204
200;1.197;1.204
199.975;1.192;1.204
199.95;1.189;1.204
199.925;1.185;1.204
199.9;1.185;1.204
199.875;1.184;1.204
199.85;1.184;1.204
199.825;1.179;1.205
199.8;1.176;1.205
199.775;1.174;1.205
199.75;1.174;1.205
199.725;1.174;1.205
199.7;1.173;1.2
199.675;1.171;1.195
199.65;1.17;1.19
199.625;1.17;1.184
199.6;1.171;1.178
199.575;1.173;1.175
199.55;1.175;1.172
199.525;1.176;1.17
199.5;1.176;1.169
199.475;1.174;1.169
199.45;1.17;1.169
199.425;1.165;1.169
199.4;1.161;1.169
199.375;1.158;1.168
199.35;1.155;1.166
199.325;1.152;1.165
199.3;1.15;1.164
199.275;1.149;1.164
199.25;1.148;1.164
199.225;1.148;1.164
199.2;1.15;1.164
199.175;1.151;1.163
199.15;1.152;1.162
199.125;1.151;1.161
199.1;1.151;1.16
199.075;1.147;1.16
199.05;1.143;1.16
199.025;1.141;1.159
199;1.141;1.158
198.975;1.141;1.156
198.95;1.14;1.155
198.925;1.139;1.155
198.9;1.137;1.153
198.875;1.136;1.151
198.85;1.135;1.147
198.825;1.134;1.144
198.8;1.133;1.141
198.775;1.13;1.141
198.75;1.127;1.141
198.725;1.126;1.142
198.7;1.125;1.142
198.675;1.124;1.142
198.65;1.125;1.142
198.625;1.128;1.142
198.6;1.135;1.142
198.575;1.139;1.143
198.55;1.14;1.143
198.525;1.139;1.143
198.5;1.139;1.144
198.475;1.137;1.142
198.45;1.133;1.136
198.425;1.128;1.132
198.4;1.124;1.124
198.375;1.12;1.116
198.35;1.119;1.109
198.325;1.116;1.104
198.3;1.116;1.1
198.275;1.115;1.099
198.25;1.116;1.098
198.225;1.116;1.099
198.2;1.117;1.099
198.175;1.12;1.101
198.15;1.125;1.104
198.125;1.13;1.106
198.1;1.136;1.106
198.075;1.138;1.105
198.05;1.138;1.103
198.025;1.137;1.102
198;1.136;1.098
197.975;1.133;1.093
197.95;1.13;1.088
197.925;1.127;1.085
197.9;1.123;1.082
197.875;1.119;1.079
197.85;1.115;1.076
197.825;1.112;1.075
197.8;1.11;1.074
197.775;1.106;1.074
197.75;1.104;1.074
197.725;1.103;1.075
197.7;1.102;1.075
197.675;1.102;1.075
197.65;1.1;1.074
197.625;1.099;1.072
197.6;1.097;1.068
197.575;1.094;1.066
197.55;1.091;1.065
197.525;1.087;1.065
197.5;1.084;1.064
197.475;1.081;1.063
197.45;1.08;1.06
197.425;1.079;1.059
197.4;1.078;1.058
197.375;1.078;1.056
197.35;1.079;1.055
197.325;1.079;1.055
197.3;1.079;1.055
197.275;1.079;1.055
197.25;1.079;1.054
197.225;1.079;1.053
197.2;1.079;1.051
197.175;1.078;1.049
197.15;1.078;1.047
197.125;1.077;1.045
197.1;1.074;1.044
197.075;1.071;1.045
197.05;1.066;1.044
197.025;1.06;1.043
197;1.056;1.039
196.975;1.053;1.036
196.95;1.051;1.031
196.925;1.047;1.025
196.9;1.044;1.022
196.875;1.042;1.019
196.85;1.041;1.018
196.825;1.04;1.014
196.8;1.037;1.013
196.775;1.034;1.011
196.75;1.03;1.011
196.725;1.028;1.01
196.7;1.024;1.01
196.675;1.023;1.01
196.65;1.022;1.01
196.625;1.021;1.01
196.6;1.021;1.011
196.575;1.02;1.008
196.55;1.02;1.005
196.525;1.018;0.999
196.5;1.012;0.994
196.475;1.008;0.99
196.45;1.002;0.986
196.425;0.996;0.983
196.4;0.99;0.981
196.375;0.983;0.98
196.35;0.981;0.979
196.325;0.98;0.979
196.3;0.979;0.98
196.275;0.979;0.983
196.25;0.978;0.984
196.225;0.978;0.987
196.2;0.978;0.988
196.175;0.977;0.988
196.15;0.975;0.988
196.125;0.972;0.988
196.1;0.969;0.988
196.075;0.966;0.988
196.05;0.963;0.987
196.025;0.961;0.986
196;0.959;0.983
195.975;0.958;0.98
195.95;0.956;0.975
195.925;0.954;0.969
195.9;0.95;0.965
195.875;0.947;0.962
195.85;0.945;0.962
195.825;0.945;0.96
195.8;0.944;0.958
195.775;0.944;0.956
195.75;0.94;0.953
195.725;0.938;0.95
195.7;0.934;0.949
195.675;0.93;0.947
195.65;0.926;0.948
195.625;0.924;0.948
195.6;0.922;0.948
195.575;0.921;0.948
195.55;0.922;0.947
195.525;0.922;0.945
195.5;0.924;0.941
195.475;0.928;0.937
195.45;0.931;0.934
195.425;0.932;0.933
195.4;0.933;0.932
195.375;0.933;0.931
195.35;0.932;0.929
195.325;0.93;0.929
195.3;0.928;0.928
195.275;0.923;0.925
195.25;0.919;0.923
195.225;0.914;0.919
195.2;0.91;0.916
195.175;0.906;0.914
195.15;0.904;0.912
195.125;0.902;0.911
195.1;0.902;0.91
195.075;0.902;0.908
195.05;0.902;0.907
195.025;0.901;0.907
195;0.901;0.91
194.975;0.901;0.912
194.95;0.901;0.914
194.925;0.899;0.913
194.9;0.896;0.911
194.875;0.892;0.909
194.85;0.888;0.905
194.825;0.884;0.901
194.8;0.88;0.897
194.775;0.877;0.893
194.75;0.876;0.889
194.725;0.875;0.886
194.7;0.874;0.883
194.675;0.87;0.88
194.65;0.867;0.877
194.625;0.867;0.877
194.6;0.867;0.877
194.575;0.867;0.877
194.55;0.867;0.877
194.525;0.866;0.877
194.5;0.865;0.877
194.475;0.863;0.877
194.45;0.861;0.875
194.425;0.859;0.872
194.4;0.856;0.872
194.375;0.852;0.872
194.35;0.848;0.872
194.325;0.843;0.873
194.3;0.838;0.873
194.275;0.836;0.873
194.25;0.833;0.872
194.225;0.835;0.872
194.2;0.834;0.872
194.175;0.834;0.872
194.15;0.834;0.872
194.125;0.834;0.872
194.1;0.834;0.872
194.075;0.834;0.872
194.05;0.833;0.871
194.025;0.829;0.868
194;0.826;0.864
193.975;0.822;0.86
193.95;0.819;0.858
193.925;0.817;0.855
193.9;0.816;0.853
193.875;0.813;0.853
193.85;0.81;0.853
193.825;0.808;0.853
193.8;0.804;0.849
193.775;0.802;0.845
193.75;0.801;0.84
193.725;0.805;0.837
193.7;0.807;0.834
193.675;0.808;0.832
193.65;0.809;0.83
193.625;0.809;0.829
193.6;0.805;0.827
193.575;0.8;0.827
193.55;0.794;0.827
193.525;0.789;0.827
193.5;0.786;0.825
193.475;0.782;0.823
193.45;0.779;0.82
193.425;0.778;0.819
193.4;0.778;0.818
193.375;0.779;0.817
193.35;0.778;0.814
193.325;0.776;0.812
193.3;0.772;0.81
193.275;0.771;0.808
193.25;0.771;0.805
193.225;0.77;0.803
193.2;0.768;0.802
193.175;0.766;0.8
193.15;0.764;0.797
193.125;0.76;0.793
193.1;0.755;0.789
193.075;0.752;0.785
193.05;0.748;0.781
193.025;0.746;0.778
193;0.745;0.775
192.975;0.745;0.772
192.95;0.75;0.768
192.925;0.756;0.764
192.9;0.759;0.761
192.875;0.759;0.76
192.85;0.759;0.759
192.825;0.759;0.759
192.8;0.757;0.758
192.775;0.754;0.758
192.75;0.752;0.757
192.725;0.748;0.756
192.7;0.747;0.752
192.675;0.746;0.748
192.65;0.745;0.744
192.625;0.743;0.741
192.6;0.742;0.741
192.575;0.742;0.741
192.55;0.741;0.74
192.525;0.737;0.74
192.5;0.733;0.74
192.475;0.729;0.741
192.45;0.725;0.742
192.425;0.721;0.744
192.4;0.717;0.744
192.375;0.714;0.744
192.35;0.713;0.744
192.325;0.712;0.743
192.3;0.711;0.74
192.275;0.71;0.738
192.25;0.707;0.737
192.225;0.703;0.736
192.2;0.698;0.734
192.175;0.693;0.732
192.15;0.688;0.73
192.125;0.685;0.729
192.1;0.685;0.728
192.075;0.684;0.727
192.05;0.682;0.727
192.025;0.678;0.727
192;0.677;0.727
191.975;0.676;0.726
191.95;0.677;0.726
191.925;0.678;0.725
191.9;0.679;0.725
191.875;0.68;0.725
191.85;0.681;0.725
191.825;0.682;0.725
191.8;0.684;0.724
191.775;0.684;0.72
191.75;0.685;0.716
191.725;0.685;0.711
191.7;0.685;0.707
191.675;0.683;0.703
191.65;0.678;0.701
191.625;0.674;0.698
191.6;0.669;0.697
191.575;0.664;0.697
191.55;0.66;0.697
191.525;0.654;0.696
191.5;0.652;0.694
191.475;0.651;0.691
191.45;0.649;0.688
191.425;0.646;0.685
191.4;0.643;0.685
191.375;0.642;0.684
191.35;0.641;0.684
191.325;0.641;0.687
191.3;0.641;0.689
191.275;0.641;0.692
191.25;0.64;0.693
191.225;0.639;0.689
191.2;0.634;0.684
191.175;0.629;0.678
191.15;0.625;0.672
191.125;0.622;0.665
191.1;0.621;0.66
191.075;0.62;0.656
191.05;0.626;0.653
191.025;0.628;0.653
191;0.628;0.653
190.975;0.628;0.653
190.95;0.628;0.653
190.925;0.628;0.651
190.9;0.627;0.65
190.875;0.626;0.649
190.85;0.625;0.649
190.825;0.625;0.649
190.8;0.625;0.649
190.775;0.627;0.649
190.75;0.627;0.65
190.725;0.627;0.65
190.7;0.624;0.651
190.675;0.621;0.649
190.65;0.615;0.644
190.625;0.61;0.637
190.6;0.607;0.63
190.575;0.606;0.622
190.55;0.605;0.615
190.525;0.605;0.61
190.5;0.605;0.608
190.475;0.605;0.607
190.45;0.605;0.612
190.425;0.605;0.617
190.4;0.606;0.619
190.375;0.607;0.62
190.35;0.607;0.62
190.325;0.606;0.619
190.3;0.604;0.617
190.275;0.601;0.618
190.25;0.597;0.618
190.225;0.595;0.617
190.2;0.594;0.617
190.175;0.593;0.613
190.15;0.595;0.612
190.125;0.594;0.61
190.1;0.594;0.61
190.075;0.593;0.61
190.05;0.591;0.61
190.025;0.588;0.607
190;0.585;0.603
189.975;0.583;0.599
189.95;0.579;0.593
189.925;0.576;0.591
189.9;0.574;0.59
189.875;0.574;0.59
189.85;0.573;0.591
189.825;0.573;0.592
189.8;0.574;0.593
189.775;0.574;0.595
189.75;0.577;0.595
189.725;0.58;0.594
189.7;0.583;0.594
189.675;0.587;0.594
189.65;0.59;0.596
189.625;0.592;0.599
189.6;0.593;0.6
189.575;0.594;0.6
189.55;0.595;0.598
189.525;0.595;0.594
189.5;0.592;0.59
189.475;0.586;0.586
189.45;0.581;0.583
189.425;0.576;0.582
189.4;0.571;0.582
189.375;0.568;0.58
189.35;0.564;0.577
189.325;0.563;0.574
189.3;0.561;0.572
189.275;0.561;0.571
189.25;0.562;0.571
189.225;0.563;0.571
189.2;0.565;0.571
189.175;0.567;0.572
189.15;0.569;0.574
189.125;0.572;0.578
189.1;0.573;0.582
189.075;0.573;0.584
189.05;0.573;0.585
189.025;0.573;0.584
189;0.573;0.584
188.975;0.572;0.583
188.95;0.572;0.581
188.925;0.572;0.579
188.9;0.572;0.573
188.875;0.572;0.567
188.85;0.572;0.562
188.825;0.572;0.559
188.8;0.572;0.557
188.775;0.572;0.555
188.75;0.572;0.555
188.725;0.571;0.556
188.7;0.57;0.559
188.675;0.567;0.56
188.65;0.565;0.561
188.625;0.563;0.561
188.6;0.56;0.559
188.575;0.556;0.555
188.55;0.556;0.551
188.525;0.554;0.547
188.5;0.553;0.55
188.475;0.551;0.551
188.45;0.549;0.552
188.425;0.547;0.553
188.4;0.543;0.555
188.375;0.54;0.556
188.35;0.539;0.557
188.325;0.538;0.558
188.3;0.538;0.558
188.275;0.537;0.557
188.25;0.535;0.556
188.225;0.532;0.554
188.2;0.53;0.551
188.175;0.53;0.548
188.15;0.53;0.548
188.125;0.528;0.548
188.1;0.525;0.549
188.075;0.52;0.551
188.05;0.517;0.553
188.025;0.513;0.554
188;0.512;0.554
187.975;0.512;0.555
187.95;0.514;0.555
187.925;0.515;0.554
187.9;0.518;0.554
187.875;0.522;0.554
187.85;0.525;0.554
187.825;0.529;0.554
187.8;0.534;0.554
187.775;0.536;0.554
187.75;0.538;0.554
187.725;0.54;0.554
187.7;0.542;0.554
187.675;0.545;0.554
187.65;0.547;0.554
187.625;0.549;0.554
187.6;0.55;0.553
187.575;0.551;0.551
187.55;0.548;0.55
187.525;0.544;0.549
187.5;0.543;0.548
187.475;0.541;0.547
187.45;0.539;0.547
187.425;0.538;0.545
187.4;0.537;0.543
187.375;0.537;0.542
187.35;0.537;0.54
187.325;0.537;0.539
187.3;0.538;0.538
187.275;0.538;0.538
187.25;0.538;0.539
187.225;0.538;0.538
187.2;0.535;0.539
187.175;0.532;0.541
187.15;0.528;0.543
187.125;0.522;0.545
187.1;0.521;0.546
187.075;0.523;0.547
187.05;0.524;0.547
187.025;0.528;0.544
187;0.531;0.538
186.975;0.535;0.534
186.95;0.537;0.531
186.925;0.537;0.528
186.9;0.538;0.526
186.875;0.539;0.526
186.85;0.539;0.529
186.825;0.539;0.53
186.8;0.537;0.532
186.775;0.534;0.536
186.75;0.53;0.536
186.725;0.528;0.538
186.7;0.526;0.538
186.675;0.524;0.539
186.65;0.522;0.539
186.625;0.52;0.539
186.6;0.516;0.54
186.575;0.513;0.538
186.55;0.512;0.533
186.525;0.508;0.526
186.5;0.506;0.527
186.475;0.505;0.527
186.45;0.504;0.525
186.425;0.503;0.523
186.4;0.502;0.519
186.375;0.5;0.516
186.35;0.499;0.513
186.325;0.497;0.511
186.3;0.496;0.509
186.275;0.495;0.508
186.25;0.495;0.506
186.225;0.495;0.504
186.2;0.495;0.503
186.175;0.494;0.501
186.15;0.494;0.5
186.125;0.492;0.501
186.1;0.489;0.501
186.075;0.489;0.501
186.05;0.488;0.501
186.025;0.484;0.502
186;0.478;0.504
185.975;0.473;0.505
185.95;0.469;0.506
185.925;0.464;0.506
185.9;0.459;0.505
185.875;0.454;0.506
185.85;0.451;0.507
185.825;0.45;0.509
185.8;0.45;0.51
185.775;0.45;0.51
185.75;0.45;0.506
185.725;0.452;0.503
185.7;0.452;0.499
185.675;0.454;0.493
185.65;0.45;0.487
185.625;0.445;0.479
185.6;0.44;0.472
185.575;0.434;0.47
185.55;0.427;0.467
185.525;0.421;0.464
185.5;0.415;0.461
185.475;0.416;0.456
185.45;0.417;0.452
185.425;0.419;0.451
185.4;0.421;0.45
185.375;0.422;0.448
185.35;0.426;0.447
185.325;0.429;0.447
185.3;0.43;0.446
185.275;0.428;0.446
185.25;0.425;0.448
185.225;0.423;0.451
185.2;0.422;0.455
185.175;0.421;0.457
185.15;0.421;0.454
185.125;0.42;0.444
185.1;0.416;0.433
185.075;0.412;0.421
185.05;0.409;0.414
185.025;0.405;NaN
185;NaN;NaN
184.975;NaN;NaN
184.95;NaN;NaN
184.925;NaN;NaN
184.9;NaN;NaN
184.875;NaN;NaN
184.85;NaN;NaN
184.825;NaN;NaN
184.8;NaN;NaN
184.775;NaN;NaN
184.75;NaN;NaN
184.725;NaN;NaN
184.7;NaN;NaN
184.675;NaN;NaN
184.65;NaN;NaN
184.625;NaN;NaN
184.6;NaN;NaN
184.575;NaN;NaN
184.55;NaN;NaN
184.525;NaN;NaN
184.5;NaN;NaN
184.475;NaN;NaN
184.45;NaN;NaN
184.425;NaN;NaN
184.4;NaN;NaN
184.375;NaN;NaN
184.35;NaN;NaN
184.325;NaN;NaN
184.3;NaN;NaN
184.275;NaN;NaN
184.25;NaN;NaN
184.225;NaN;NaN
184.2;NaN;NaN
184.175;NaN;NaN
184.15;NaN;NaN
184.125;NaN;NaN
184.1;NaN;NaN
184.075;NaN;NaN
184.05;NaN;NaN
184.025;NaN;NaN
184;NaN;NaN
183.975;NaN;NaN
183.95;NaN;NaN
183.925;NaN;NaN
183.9;NaN;NaN
183.875;NaN;NaN
183.85;NaN;NaN
183.825;NaN;NaN
183.8;NaN;NaN
183.775;NaN;NaN
183.75;NaN;NaN
183.725;NaN;NaN
183.7;NaN;NaN
183.675;NaN;NaN
183.65;NaN;NaN
183.625;NaN;NaN
183.6;NaN;NaN
183.575;NaN;NaN
183.55;NaN;NaN
183.525;NaN;NaN
183.5;NaN;NaN
183.475;NaN;NaN
183.45;NaN;NaN
183.425;NaN;NaN
183.4;NaN;NaN
183.375;NaN;NaN
183.35;NaN;NaN
183.325;NaN;NaN
183.3;NaN;NaN
183.275;NaN;NaN
183.25;NaN;NaN
183.225;NaN;NaN
183.2;NaN;NaN
183.175;NaN;NaN
183.15;NaN;NaN
183.125;NaN;NaN
183.1;NaN;NaN
183.075;NaN;NaN
183.05;NaN;NaN
183.025;NaN;NaN
183;NaN;NaN
182.975;NaN;NaN
182.95;NaN;NaN
182.925;NaN;NaN
182.9;NaN;NaN
182.875;NaN;NaN
182.85;NaN;NaN
182.825;NaN;NaN
182.8;NaN;NaN
182.775;NaN;NaN
182.75;NaN;NaN
182.725;NaN;NaN
182.7;NaN;NaN
182.675;NaN;NaN
182.65;NaN;NaN
182.625;NaN;NaN
182.6;NaN;NaN
182.575;NaN;NaN
182.55;NaN;NaN
182.525;NaN;NaN
182.5;NaN;NaN
182.475;NaN;NaN
182.45;NaN;NaN
182.425;NaN;NaN
182.4;NaN;NaN
182.375;NaN;NaN
182.35;NaN;NaN
182.325;NaN;NaN
182.3;NaN;NaN
182.275;NaN;NaN
182.25;NaN;NaN
182.225;NaN;NaN
182.2;NaN;NaN
182.175;NaN;NaN
182.15;NaN;NaN
182.125;NaN;NaN
182.1;NaN;NaN
182.075;NaN;NaN
182.05;NaN;NaN
182.025;NaN;NaN
182;NaN;NaN
181.975;NaN;NaN
181.95;NaN;NaN
181.925;NaN;NaN
181.9;NaN;NaN
181.875;NaN;NaN
181.85;NaN;NaN
181.825;NaN;NaN
181.8;NaN;NaN
181.775;NaN;NaN
181.75;NaN;NaN
181.725;NaN;NaN
181.7;NaN;NaN
181.675;NaN;NaN
181.65;NaN;NaN
181.625;NaN;NaN
181.6;NaN;NaN
181.575;NaN;NaN
181.55;NaN;NaN
181.525;NaN;NaN
181.5;NaN;NaN
181.475;NaN;NaN
181.45;NaN;NaN
181.425;NaN;NaN
181.4;NaN;NaN
181.375;NaN;NaN
181.35;NaN;NaN
181.325;NaN;NaN
181.3;NaN;NaN
181.275;NaN;NaN
181.25;NaN;NaN
181.225;NaN;NaN
181.2;NaN;NaN
181.175;NaN;NaN
181.15;NaN;NaN
181.125;NaN;NaN
181.1;NaN;NaN
181.075;NaN;NaN
181.05;NaN;NaN
181.025;NaN;NaN
181;NaN;NaN
180.975;NaN;NaN
180.95;NaN;NaN
180.925;NaN;NaN
180.9;NaN;NaN
180.875;NaN;NaN
180.85;NaN;NaN
180.825;NaN;NaN
180.8;NaN;NaN
180.775;NaN;NaN
180.75;NaN;NaN
180.725;NaN;NaN
180.7;NaN;NaN
180.675;NaN;NaN
180.65;NaN;NaN
180.625;NaN;NaN
180.6;NaN;NaN
180.575;NaN;NaN
180.55;NaN;NaN
180.525;NaN;NaN
180.5;NaN;NaN
180.475;NaN;NaN
180.45;NaN;NaN
180.425;NaN;NaN
180.4;NaN;NaN
180.375;NaN;NaN
180.35;NaN;NaN
180.325;NaN;NaN
180.3;NaN;NaN
180.275;NaN;NaN
180.25;NaN;NaN
180.225;NaN;NaN
180.2;NaN;NaN
180.175;NaN;NaN
180.15;NaN;NaN
180.125;NaN;NaN
180.1;NaN;NaN
180.075;NaN;NaN
180.05;NaN;NaN
180.025;NaN;NaN
180;NaN;NaN
179.975;NaN;NaN
179.95;NaN;NaN
179.925;NaN;NaN
179.9;NaN;NaN
179.875;NaN;NaN
179.85;NaN;NaN
179.825;NaN;NaN
179.8;NaN;NaN
179.775;NaN;NaN
179.75;NaN;NaN
179.725;NaN;NaN
179.7;NaN;NaN
179.675;NaN;NaN
179.65;NaN;NaN
179.625;NaN;NaN
179.6;NaN;NaN
179.575;NaN;NaN
179.55;NaN;NaN
179.525;NaN;NaN
179.5;NaN;NaN
179.475;NaN;NaN
179.45;NaN;NaN
179.425;NaN;NaN
179.4;NaN;NaN
179.375;NaN;NaN
179.35;NaN;NaN
179.325;NaN;NaN
179.3;NaN;NaN
179.275;NaN;NaN
179.25;NaN;NaN
179.225;NaN;NaN
179.2;NaN;NaN
179.175;NaN;NaN
179.15;NaN;NaN
179.125;NaN;NaN
179.1;NaN;NaN
179.075;NaN;NaN
179.05;NaN;NaN
179.025;NaN;NaN
179;NaN;NaN
178.975;NaN;NaN
178.95;NaN;NaN
178.925;NaN;NaN
178.9;NaN;NaN
178.875;NaN;NaN
178.85;NaN;NaN
178.825;NaN;NaN
178.8;NaN;NaN
178.775;NaN;NaN
178.75;NaN;NaN
178.725;NaN;NaN
178.7;NaN;NaN
178.675;NaN;NaN
178.65;NaN;NaN
178.625;NaN;NaN
178.6;NaN;NaN
178.575;NaN;NaN
178.55;NaN;NaN
178.525;NaN;NaN
178.5;NaN;NaN
178.475;NaN;NaN
178.45;NaN;NaN
178.425;NaN;NaN
178.4;NaN;NaN
178.375;NaN;NaN
178.35;NaN;NaN
178.325;NaN;NaN
178.3;NaN;NaN
178.275;NaN;NaN
178.25;NaN;NaN
178.225;NaN;NaN
178.2;NaN;NaN
178.175;NaN;NaN
178.15;NaN;NaN
178.125;NaN;NaN
178.1;NaN;NaN
178.075;NaN;NaN
178.05;NaN;NaN
178.025;NaN;NaN
178;NaN;NaN
177.975;NaN;NaN
177.95;NaN;NaN
177.925;NaN;NaN
177.9;NaN;NaN
177.875;NaN;NaN
177.85;NaN;NaN
177.825;NaN;NaN
177.8;NaN;NaN
177.775;NaN;NaN
177.75;NaN;NaN
177.725;NaN;NaN
177.7;NaN;NaN
177.675;NaN;NaN
177.65;NaN;NaN
177.625;NaN;NaN
177.6;NaN;NaN
177.575;NaN;NaN
177.55;NaN;NaN
177.525;NaN;NaN
177.5;NaN;NaN
177.475;NaN;NaN
177.45;NaN;NaN
177.425;NaN;NaN
177.4;NaN;NaN
177.375;NaN;NaN
177.35;NaN;NaN
177.325;NaN;NaN
177.3;NaN;NaN
177.275;NaN;NaN
177.25;NaN;NaN
177.225;NaN;NaN
177.2;NaN;NaN
177.175;NaN;NaN
177.15;NaN;NaN
177.125;NaN;NaN
177.1;NaN;NaN
177.075;NaN;NaN
177.05;NaN;NaN
177.025;NaN;NaN
177;NaN;NaN
176.975;NaN;NaN
176.95;NaN;NaN
176.925;NaN;NaN
176.9;NaN;NaN
176.875;NaN;NaN
176.85;NaN;NaN
176.825;NaN;NaN
176.8;NaN;NaN
176.775;NaN;NaN
176.75;NaN;NaN
176.725;NaN;NaN
176.7;NaN;NaN
176.675;NaN;NaN
176.65;NaN;NaN
176.625;NaN;NaN
176.6;NaN;NaN
176.575;NaN;NaN
176.55;NaN;NaN
176.525;NaN;NaN
176.5;NaN;NaN
176.475;NaN;NaN
176.45;NaN;NaN
176.425;NaN;NaN
176.4;NaN;NaN
176.375;NaN;NaN
176.35;NaN;NaN
176.325;NaN;NaN
176.3;NaN;NaN
176.275;NaN;NaN
176.25;NaN;NaN
176.225;NaN;NaN
176.2;NaN;NaN
176.175;NaN;NaN
176.15;NaN;NaN
176.125;NaN;NaN
176.1;NaN;NaN
176.075;NaN;NaN
176.05;NaN;NaN
176.025;NaN;NaN
176;NaN;NaN
175.975;NaN;NaN
175.95;NaN;NaN
175.925;NaN;NaN
175.9;NaN;NaN
175.875;NaN;NaN
175.85;NaN;NaN
175.825;NaN;NaN
175.8;NaN;NaN
175.775;NaN;NaN
175.75;NaN;NaN
175.725;NaN;NaN
175.7;NaN;NaN
175.675;NaN;NaN
175.65;NaN;NaN
175.625;NaN;NaN
175.6;NaN;NaN
175.575;NaN;NaN
175.55;NaN;NaN
175.525;NaN;NaN
175.5;NaN;NaN
175.475;NaN;NaN
175.45;NaN;NaN
175.425;NaN;NaN
175.4;NaN;NaN
175.375;NaN;NaN
175.35;NaN;NaN
175.325;NaN;NaN
175.3;NaN;NaN
175.275;NaN;NaN
175.25;NaN;NaN
175.225;NaN;NaN
175.2;NaN;NaN
175.175;NaN;NaN
175.15;NaN;NaN
175.125;NaN;NaN
175.1;NaN;NaN
175.075;NaN;NaN
175.05;NaN;NaN
175.025;NaN;NaN
175;NaN;NaN
174.975;NaN;NaN
174.95;NaN;NaN
174.925;NaN;NaN
174.9;NaN;NaN
174.875;NaN;NaN
174.85;NaN;NaN
174.825;NaN;NaN
174.8;NaN;NaN
174.775;NaN;NaN
174.75;NaN;NaN
174.725;NaN;NaN
174.7;NaN;NaN
174.675;NaN;NaN
174.65;NaN;NaN
174.625;NaN;NaN
174.6;NaN;NaN
174.575;NaN;NaN
174.55;NaN;NaN
174.525;NaN;NaN
174.5;NaN;NaN
174.475;NaN;NaN
174.45;NaN;NaN
174.425;NaN;NaN
174.4;NaN;NaN
174.375;NaN;NaN
174.35;NaN;NaN
174.325;NaN;NaN
174.3;NaN;NaN
174.275;NaN;NaN
174.25;NaN;NaN
174.225;NaN;NaN
174.2;NaN;NaN
174.175;NaN;NaN
174.15;NaN;NaN
174.125;NaN;NaN
174.1;NaN;NaN
174.075;NaN;NaN
174.05;NaN;NaN
174.025;NaN;NaN
174;NaN;NaN
173.975;NaN;NaN
173.95;NaN;NaN
173.925;NaN;NaN
173.9;NaN;NaN
173.875;NaN;NaN
173.85;NaN;NaN
173.825;NaN;NaN
173.8;NaN;NaN
173.775;NaN;NaN
173.75;NaN;NaN
173.725;NaN;NaN
173.7;NaN;NaN
173.675;NaN;NaN
173.65;NaN;NaN
173.625;NaN;NaN
173.6;NaN;NaN
173.575;NaN;NaN
173.55;NaN;NaN
173.525;NaN;NaN
173.5;NaN;NaN
173.475;NaN;NaN
173.45;NaN;NaN
173.425;NaN;NaN
173.4;NaN;NaN
173.375;NaN;NaN
173.35;NaN;NaN
173.325;NaN;NaN
173.3;NaN;NaN
173.275;NaN;NaN
173.25;NaN;NaN
173.225;NaN;NaN
173.2;NaN;NaN
173.175;NaN;NaN
173.15;NaN;NaN
173.125;NaN;NaN
173.1;NaN;NaN
173.075;NaN;NaN
173.05;NaN;NaN
173.025;NaN;NaN
173;NaN;NaN
172.975;NaN;NaN
172.95;NaN;NaN
172.925;NaN;NaN
172.9;NaN;NaN
172.875;NaN;NaN
172.85;NaN;NaN
172.825;NaN;NaN
172.8;NaN;NaN
172.775;NaN;NaN
172.75;NaN;NaN
172.725;NaN;NaN
172.7;NaN;NaN
172.675;NaN;NaN
172.65;NaN;NaN
172.625;NaN;NaN
172.6;NaN;NaN
172.575;NaN;NaN
172.55;NaN;NaN
172.525;NaN;NaN
172.5;NaN;NaN
172.475;NaN;NaN
172.45;NaN;NaN
172.425;NaN;NaN
172.4;NaN;NaN
172.375;NaN;NaN
172.35;NaN;NaN
172.325;NaN;NaN
172.3;NaN;NaN
172.275;NaN;NaN
172.25;NaN;NaN
172.225;NaN;NaN
172.2;NaN;NaN
172.175;NaN;NaN
172.15;NaN;NaN
172.125;NaN;NaN
172.1;NaN;NaN
172.075;NaN;NaN
172.05;NaN;NaN
172.025;NaN;NaN
172;NaN;NaN
171.975;NaN;NaN
171.95;NaN;NaN
171.925;NaN;NaN
171.9;NaN;NaN
171.875;NaN;NaN
171.85;NaN;NaN
171.825;NaN;NaN
171.8;NaN;NaN
171.775;NaN;NaN
171.75;NaN;NaN
171.725;NaN;NaN
171.7;NaN;NaN
171.675;NaN;NaN
171.65;NaN;NaN
171.625;NaN;NaN
171.6;NaN;NaN
171.575;NaN;NaN
171.55;NaN;NaN
171.525;NaN;NaN
171.5;NaN;NaN
171.475;NaN;NaN
171.45;NaN;NaN
171.425;NaN;NaN
171.4;NaN;NaN
171.375;NaN;NaN
171.35;NaN;NaN
171.325;NaN;NaN
171.3;NaN;NaN
171.275;NaN;NaN
171.25;NaN;NaN
171.225;NaN;NaN
171.2;NaN;NaN
171.175;NaN;NaN
171.15;NaN;NaN
171.125;NaN;NaN
171.1;NaN;NaN
171.075;NaN;NaN
171.05;NaN;NaN
171.025;NaN;NaN
171;NaN;NaN
170.975;NaN;NaN
170.95;NaN;NaN
170.925;NaN;NaN
170.9;NaN;NaN
170.875;NaN;NaN
170.85;NaN;NaN
170.825;NaN;NaN
170.8;NaN;NaN
170.775;NaN;NaN
170.75;NaN;NaN
170.725;NaN;NaN
170.7;NaN;NaN
170.675;NaN;NaN
170.65;NaN;NaN
170.625;NaN;NaN
170.6;NaN;NaN
170.575;NaN;NaN
170.55;NaN;NaN
170.525;NaN;NaN
170.5;NaN;NaN
170.475;NaN;NaN
170.45;NaN;NaN
170.425;NaN;NaN
170.4;NaN;NaN
170.375;NaN;NaN
170.35;NaN;NaN
170.325;NaN;NaN
170.3;NaN;NaN
170.275;NaN;NaN
170.25;NaN;NaN
170.225;NaN;NaN
170.2;NaN;NaN
170.175;NaN;NaN
170.15;NaN;NaN
170.125;NaN;NaN
170.1;NaN;NaN
170.075;NaN;NaN
170.05;NaN;NaN
170.025;NaN;NaN
170;NaN;NaN
169.975;NaN;NaN
169.95;NaN;NaN
169.925;NaN;NaN
169.9;NaN;NaN
169.875;NaN;NaN
169.85;NaN;NaN
169.825;NaN;NaN
169.8;NaN;NaN
169.775;NaN;NaN
169.75;NaN;NaN
169.725;NaN;NaN
169.7;NaN;NaN
169.675;NaN;NaN
169.65;NaN;NaN
169.625;NaN;NaN
169.6;NaN;NaN
169.575;NaN;NaN
169.55;NaN;NaN
169.525;NaN;NaN
169.5;NaN;NaN
169.475;NaN;NaN
169.45;NaN;NaN
169.425;NaN;NaN
169.4;NaN;NaN
169.375;NaN;NaN
169.35;NaN;NaN
169.325;NaN;NaN
169.3;NaN;NaN
169.275;NaN;NaN
169.25;NaN;NaN
169.225;NaN;NaN
169.2;NaN;NaN
169.175;NaN;NaN
169.15;NaN;NaN
169.125;NaN;NaN
169.1;NaN;NaN
169.075;NaN;NaN
169.05;NaN;NaN
169.025;NaN;NaN
169;NaN;NaN
168.975;NaN;NaN
168.95;NaN;NaN
168.925;NaN;NaN
168.9;NaN;NaN
168.875;NaN;NaN
168.85;NaN;NaN
168.825;NaN;NaN
168.8;NaN;NaN
168.775;NaN;NaN
168.75;NaN;NaN
168.725;NaN;NaN
168.7;NaN;NaN
168.675;NaN;NaN
168.65;NaN;NaN
168.625;NaN;NaN
168.6;NaN;NaN
168.575;NaN;NaN
168.55;NaN;NaN
168.525;NaN;NaN
168.5;NaN;NaN
168.475;NaN;NaN
168.45;NaN;NaN
168.425;NaN;NaN
168.4;NaN;NaN
168.375;NaN;NaN
168.35;NaN;NaN
168.325;NaN;NaN
168.3;NaN;NaN
168.275;NaN;NaN
168.25;NaN;NaN
168.225;NaN;NaN
168.2;NaN;NaN
168.175;NaN;NaN
168.15;NaN;NaN
168.125;NaN;NaN
168.1;NaN;NaN
168.075;NaN;NaN
168.05;NaN;NaN
168.025;NaN;NaN
168;NaN;NaN
167.975;NaN;NaN
167.95;NaN;NaN
167.925;NaN;NaN
167.9;NaN;NaN
167.875;NaN;NaN
167.85;NaN;NaN
167.825;NaN;NaN
167.8;NaN;NaN
167.775;NaN;NaN
167.75;NaN;NaN
167.725;NaN;NaN
167.7;NaN;NaN
167.675;NaN;NaN
167.65;NaN;NaN
167.625;NaN;NaN
167.6;NaN;NaN
167.575;NaN;NaN
167.55;NaN;NaN
167.525;NaN;NaN
167.5;NaN;NaN
167.475;NaN;NaN
167.45;NaN;NaN
167.425;NaN;NaN
167.4;NaN;NaN
167.375;NaN;NaN
167.35;NaN;NaN
167.325;NaN;NaN
167.3;NaN;NaN
167.275;NaN;NaN
167.25;NaN;NaN
167.225;NaN;NaN
167.2;NaN;NaN
167.175;NaN;NaN
167.15;NaN;NaN
167.125;NaN;NaN
167.1;NaN;NaN
167.075;NaN;NaN
167.05;NaN;NaN
167.025;NaN;NaN
167;NaN;NaN
166.975;NaN;NaN
166.95;NaN;NaN
166.925;NaN;NaN
166.9;NaN;NaN
166.875;NaN;NaN
166.85;NaN;NaN
166.825;NaN;NaN
166.8;NaN;NaN
166.775;NaN;NaN
166.75;NaN;NaN
166.725;NaN;NaN
166.7;NaN;NaN
166.675;NaN;NaN
166.65;NaN;NaN
166.625;NaN;NaN
166.6;NaN;NaN
166.575;NaN;NaN
166.55;NaN;NaN
166.525;NaN;NaN
166.5;NaN;NaN
166.475;NaN;NaN
166.45;NaN;NaN
166.425;NaN;NaN
166.4;NaN;NaN
166.375;NaN;NaN
166.35;NaN;NaN
166.325;NaN;NaN
166.3;NaN;NaN
166.275;NaN;NaN
166.25;NaN;NaN
166.225;NaN;NaN
166.2;NaN;NaN
166.175;NaN;NaN
166.15;NaN;NaN
166.125;NaN;NaN
166.1;NaN;NaN
166.075;NaN;NaN
166.05;NaN;NaN
166.025;NaN;NaN
166;NaN;NaN
165.975;NaN;NaN
165.95;NaN;NaN
165.925;NaN;NaN
165.9;NaN;NaN
165.875;NaN;NaN
165.85;NaN;NaN
165.825;NaN;NaN
165.8;NaN;NaN
165.775;NaN;NaN
165.75;NaN;NaN
165.725;NaN;NaN
165.7;NaN;NaN
165.675;NaN;NaN
165.65;NaN;NaN
165.625;NaN;NaN
165.6;NaN;NaN
165.575;NaN;NaN
165.55;NaN;NaN
165.525;NaN;NaN
165.5;NaN;NaN
165.475;NaN;NaN
165.45;NaN;NaN
165.425;NaN;NaN
165.4;NaN;NaN
165.375;NaN;NaN
165.35;NaN;NaN
165.325;NaN;NaN
165.3;NaN;NaN
165.275;NaN;NaN
165.25;NaN;NaN
165.225;NaN;NaN
165.2;NaN;NaN
165.175;NaN;NaN
165.15;NaN;NaN
165.125;NaN;NaN
165.1;NaN;NaN
165.075;NaN;NaN
165.05;NaN;NaN
165.025;NaN;NaN
165;NaN;NaN
164.975;NaN;NaN
164.95;NaN;NaN
164.925;NaN;NaN
164.9;NaN;NaN
164.875;NaN;NaN
164.85;NaN;NaN
164.825;NaN;NaN
164.8;NaN;NaN
164.775;NaN;NaN
164.75;NaN;NaN
164.725;NaN;NaN
164.7;NaN;NaN
164.675;NaN;NaN
164.65;NaN;NaN
164.625;NaN;NaN
164.6;NaN;NaN
164.575;NaN;NaN
164.55;NaN;NaN
164.525;NaN;NaN
164.5;NaN;NaN
164.475;NaN;NaN
164.45;NaN;NaN
164.425;NaN;NaN
164.4;NaN;NaN
164.375;NaN;NaN
164.35;NaN;NaN
164.325;NaN;NaN
164.3;NaN;NaN
164.275;NaN;NaN
164.25;NaN;NaN
164.225;NaN;NaN
164.2;NaN;NaN
164.175;NaN;NaN
164.15;NaN;NaN
164.125;NaN;NaN
164.1;NaN;NaN
164.075;NaN;NaN
164.05;NaN;NaN
164.025;NaN;NaN
164;NaN;NaN
163.975;NaN;NaN
163.95;NaN;NaN
163.925;NaN;NaN
163.9;NaN;NaN
163.875;NaN;NaN
163.85;NaN;NaN
163.825;NaN;NaN
163.8;NaN;NaN
163.775;NaN;NaN
163.75;NaN;NaN
163.725;NaN;NaN
163.7;NaN;NaN
163.675;NaN;NaN
163.65;NaN;NaN
163.625;NaN;NaN
163.6;NaN;NaN
163.575;NaN;NaN
163.55;NaN;NaN
163.525;NaN;NaN
163.5;NaN;NaN
163.475;NaN;NaN
163.45;NaN;NaN
163.425;NaN;NaN
163.4;NaN;NaN
163.375;NaN;NaN
163.35;NaN;NaN
163.325;NaN;NaN
163.3;NaN;NaN
163.275;NaN;NaN
163.25;NaN;NaN
163.225;NaN;NaN
163.2;NaN;NaN
163.175;NaN;NaN
163.15;NaN;NaN
163.125;NaN;NaN
163.1;NaN;NaN
163.075;NaN;NaN
163.05;NaN;NaN
163.025;NaN;NaN
163;NaN;NaN
162.975;NaN;NaN
162.95;NaN;NaN
162.925;NaN;NaN
162.9;NaN;NaN
162.875;NaN;NaN
162.85;NaN;NaN
162.825;NaN;NaN
162.8;NaN;NaN
162.775;NaN;NaN
162.75;NaN;NaN
162.725;NaN;NaN
162.7;NaN;NaN
162.675;NaN;NaN
162.65;NaN;NaN
162.625;NaN;NaN
162.6;NaN;NaN
162.575;NaN;NaN
162.55;NaN;NaN
162.525;NaN;NaN
162.5;NaN;NaN
162.475;NaN;NaN
162.45;NaN;NaN
162.425;NaN;NaN
162.4;NaN;NaN
162.375;NaN;NaN
162.35;NaN;NaN
162.325;NaN;NaN
162.3;NaN;NaN
162.275;NaN;NaN
162.25;NaN;NaN
162.225;NaN;NaN
162.2;NaN;NaN
162.175;NaN;NaN
162.15;NaN;NaN
162.125;NaN;NaN
162.1;NaN;NaN
162.075;NaN;NaN
162.05;NaN;NaN
162.025;NaN;NaN
162;NaN;NaN
161.975;NaN;NaN
161.95;NaN;NaN
161.925;NaN;NaN
161.9;NaN;NaN
161.875;NaN;NaN
161.85;NaN;NaN
161.825;NaN;NaN
161.8;NaN;NaN
161.775;NaN;NaN
161.75;NaN;NaN
161.725;NaN;NaN
161.7;NaN;NaN
161.675;NaN;NaN
161.65;NaN;NaN
161.625;NaN;NaN
161.6;NaN;NaN
161.575;NaN;NaN
161.55;NaN;NaN
161.525;NaN;NaN
161.5;NaN;NaN
161.475;NaN;NaN
161.45;NaN;NaN
161.425;NaN;NaN
161.4;NaN;NaN
161.375;NaN;NaN
161.35;NaN;NaN
161.325;NaN;NaN
161.3;NaN;NaN
161.275;NaN;NaN
161.25;NaN;NaN
161.225;NaN;NaN
161.2;NaN;NaN
161.175;NaN;NaN
161.15;NaN;NaN
161.125;NaN;NaN
161.1;NaN;NaN
161.075;NaN;NaN
161.05;NaN;NaN
161.025;NaN;NaN
161;NaN;NaN
160.975;NaN;NaN
160.95;NaN;NaN
160.925;NaN;NaN
160.9;NaN;NaN
160.875;NaN;NaN
160.85;NaN;NaN
160.825;NaN;NaN
160.8;NaN;NaN
160.775;NaN;NaN
160.75;NaN;NaN
160.725;NaN;NaN
160.7;NaN;NaN
160.675;NaN;NaN
160.65;NaN;NaN
160.625;NaN;NaN
160.6;NaN;NaN
160.575;NaN;NaN
160.55;NaN;NaN
160.525;NaN;NaN
160.5;NaN;NaN
160.475;NaN;NaN
160.45;NaN;NaN
160.425;NaN;NaN
160.4;NaN;NaN
160.375;NaN;NaN
160.35;NaN;NaN
160.325;NaN;NaN
160.3;NaN;NaN
160.275;NaN;NaN
160.25;NaN;NaN
160.225;NaN;NaN
160.2;NaN;NaN
160.175;NaN;NaN
160.15;NaN;NaN
160.125;NaN;NaN
160.1;NaN;NaN
160.075;NaN;NaN
160.05;NaN;NaN
160.025;NaN;NaN
160;NaN;NaN
159.975;NaN;NaN
159.95;NaN;NaN
159.925;NaN;NaN
159.9;NaN;NaN
159.875;NaN;NaN
159.85;NaN;NaN
159.825;NaN;NaN
159.8;NaN;NaN
159.775;NaN;NaN
159.75;NaN;NaN
159.725;NaN;NaN
159.7;NaN;NaN
159.675;NaN;NaN
159.65;NaN;NaN
159.625;NaN;NaN
159.6;NaN;NaN
159.575;NaN;NaN
159.55;NaN;NaN
159.525;NaN;NaN
159.5;NaN;NaN
159.475;NaN;NaN
159.45;NaN;NaN
159.425;NaN;NaN
159.4;NaN;NaN
159.375;NaN;NaN
159.35;NaN;NaN
159.325;NaN;NaN
159.3;NaN;NaN
159.275;NaN;NaN
159.25;NaN;NaN
159.225;NaN;NaN
159.2;NaN;NaN
159.175;NaN;NaN
159.15;NaN;NaN
159.125;NaN;NaN
159.1;NaN;NaN
159.075;NaN;NaN
159.05;NaN;NaN
159.025;NaN;NaN
159;NaN;NaN
158.975;NaN;NaN
158.95;NaN;NaN
158.925;NaN;NaN
158.9;NaN;NaN
158.875;NaN;NaN
158.85;NaN;NaN
158.825;NaN;NaN
158.8;NaN;NaN
158.775;NaN;NaN
158.75;NaN;NaN
158.725;NaN;NaN
158.7;NaN;NaN
158.675;NaN;NaN
158.65;NaN;NaN
158.625;NaN;NaN
158.6;NaN;NaN
158.575;NaN;NaN
158.55;NaN;NaN
158.525;NaN;NaN
158.5;NaN;NaN
158.475;NaN;NaN
158.45;NaN;NaN
158.425;NaN;NaN
158.4;NaN;NaN
158.375;NaN;NaN
158.35;NaN;NaN
158.325;NaN;NaN
158.3;NaN;NaN
158.275;NaN;NaN
158.25;NaN;NaN
158.225;NaN;NaN
158.2;NaN;NaN
158.175;NaN;NaN
158.15;NaN;NaN
158.125;NaN;NaN
158.1;NaN;NaN
158.075;NaN;NaN
158.05;NaN;NaN
158.025;NaN;NaN
158;NaN;NaN
157.975;NaN;NaN
157.95;NaN;NaN
157.925;NaN;NaN
157.9;NaN;NaN
157.875;NaN;NaN
157.85;NaN;NaN
157.825;NaN;NaN
157.8;NaN;NaN
157.775;NaN;NaN
157.75;NaN;NaN
157.725;NaN;NaN
157.7;NaN;NaN
157.675;NaN;NaN
157.65;NaN;NaN
157.625;NaN;NaN
157.6;NaN;NaN
157.575;NaN;NaN
157.55;NaN;NaN
157.525;NaN;NaN
157.5;NaN;NaN
157.475;NaN;NaN
157.45;NaN;NaN
157.425;NaN;NaN
157.4;NaN;NaN
157.375;NaN;NaN
157.35;NaN;NaN
157.325;NaN;NaN
157.3;NaN;NaN
157.275;NaN;NaN
157.25;NaN;NaN
157.225;NaN;NaN
157.2;NaN;NaN
157.175;NaN;NaN
157.15;NaN;NaN
157.125;NaN;NaN
157.1;NaN;NaN
157.075;NaN;NaN
157.05;NaN;NaN
157.025;NaN;NaN
157;NaN;NaN
156.975;NaN;NaN
156.95;NaN;NaN
156.925;NaN;NaN
156.9;NaN;NaN
156.875;NaN;NaN
156.85;NaN;NaN
156.825;NaN;NaN
156.8;NaN;NaN
156.775;NaN;NaN
156.75;NaN;NaN
156.725;NaN;NaN
156.7;NaN;NaN
156.675;NaN;NaN
156.65;NaN;NaN
156.625;NaN;NaN
156.6;NaN;NaN
156.575;NaN;NaN
156.55;NaN;NaN
156.525;NaN;NaN
156.5;NaN;NaN
156.475;NaN;NaN
156.45;NaN;NaN
156.425;NaN;NaN
156.4;NaN;NaN
156.375;NaN;NaN
156.35;NaN;NaN
156.325;NaN;NaN
156.3;NaN;NaN
156.275;NaN;NaN
156.25;NaN;NaN
156.225;NaN;NaN
156.2;NaN;NaN
156.175;NaN;NaN
156.15;NaN;NaN
156.125;NaN;NaN
156.1;NaN;NaN
156.075;NaN;NaN
156.05;NaN;NaN
156.025;NaN;NaN
156;NaN;NaN
155.975;NaN;NaN
155.95;NaN;NaN
155.925;NaN;NaN
155.9;NaN;NaN
155.875;NaN;NaN
155.85;NaN;NaN
155.825;NaN;NaN
155.8;NaN;NaN
155.775;NaN;NaN
155.75;NaN;NaN
155.725;NaN;NaN
155.7;NaN;NaN
155.675;NaN;NaN
155.65;NaN;NaN
155.625;NaN;NaN
155.6;NaN;NaN
155.575;NaN;NaN
155.55;NaN;NaN
155.525;NaN;NaN
155.5;NaN;NaN
155.475;NaN;NaN
155.45;NaN;NaN
155.425;NaN;NaN
155.4;NaN;NaN
155.375;NaN;NaN
155.35;NaN;NaN
155.325;NaN;NaN
155.3;NaN;NaN
155.275;NaN;NaN
155.25;NaN;NaN
155.225;NaN;NaN
155.2;NaN;NaN
155.175;NaN;NaN
155.15;NaN;NaN
155.125;NaN;NaN
155.1;NaN;NaN
155.075;NaN;NaN
155.05;NaN;NaN
155.025;NaN;NaN
155;NaN;NaN
154.975;NaN;NaN
154.95;NaN;NaN
154.925;NaN;NaN
154.9;NaN;NaN
154.875;NaN;NaN
154.85;NaN;NaN
154.825;NaN;NaN
154.8;NaN;NaN
154.775;NaN;NaN
154.75;NaN;NaN
154.725;NaN;NaN
154.7;NaN;NaN
154.675;NaN;NaN
154.65;NaN;NaN
154.625;NaN;NaN
154.6;NaN;NaN
154.575;NaN;NaN
154.55;NaN;NaN
154.525;NaN;NaN
154.5;NaN;NaN
154.475;NaN;NaN
154.45;NaN;NaN
154.425;NaN;NaN
154.4;NaN;NaN
154.375;NaN;NaN
154.35;NaN;NaN
154.325;NaN;NaN
154.3;NaN;NaN
154.275;NaN;NaN
154.25;NaN;NaN
154.225;NaN;NaN
154.2;NaN;NaN
154.175;NaN;NaN
154.15;NaN;NaN
154.125;NaN;NaN
154.1;NaN;NaN
154.075;NaN;NaN
154.05;NaN;NaN
154.025;NaN;NaN
154;NaN;NaN
153.975;NaN;NaN
153.95;NaN;NaN
153.925;NaN;NaN
153.9;NaN;NaN
153.875;NaN;NaN
153.85;NaN;NaN
153.825;NaN;NaN
153.8;NaN;NaN
153.775;NaN;NaN
153.75;NaN;NaN
153.725;NaN;NaN
153.7;NaN;NaN
153.675;NaN;NaN
153.65;NaN;NaN
153.625;NaN;NaN
153.6;NaN;NaN
153.575;NaN;NaN
153.55;NaN;NaN
153.525;NaN;NaN
153.5;NaN;NaN
153.475;NaN;NaN
153.45;NaN;NaN
153.425;NaN;NaN
153.4;NaN;NaN
153.375;NaN;NaN
153.35;NaN;NaN
153.325;NaN;NaN
153.3;NaN;NaN
153.275;NaN;NaN
153.25;NaN;NaN
153.225;NaN;NaN
153.2;NaN;NaN
153.175;NaN;NaN
153.15;NaN;NaN
153.125;NaN;NaN
153.1;NaN;NaN
153.075;NaN;NaN
153.05;NaN;NaN
153.025;NaN;NaN
153;NaN;NaN
152.975;NaN;NaN
152.95;NaN;NaN
152.925;NaN;NaN
152.9;NaN;NaN
152.875;NaN;NaN
152.85;NaN;NaN
152.825;NaN;NaN
152.8;NaN;NaN
152.775;NaN;NaN
152.75;NaN;NaN
152.725;NaN;NaN
152.7;NaN;NaN
152.675;NaN;NaN
152.65;NaN;NaN
152.625;NaN;NaN
152.6;NaN;NaN
152.575;NaN;NaN
152.55;NaN;NaN
152.525;NaN;NaN
152.5;NaN;NaN
152.475;NaN;NaN
152.45;NaN;NaN
152.425;NaN;NaN
152.4;NaN;NaN
152.375;NaN;NaN
152.35;NaN;NaN
152.325;NaN;NaN
152.3;NaN;NaN
152.275;NaN;NaN
152.25;NaN;NaN
152.225;NaN;NaN
152.2;NaN;NaN
152.175;NaN;NaN
152.15;NaN;NaN
152.125;NaN;NaN
152.1;NaN;NaN
152.075;NaN;NaN
152.05;NaN;NaN
152.025;NaN;NaN
152;NaN;NaN
151.975;NaN;NaN
151.95;NaN;NaN
151.925;NaN;NaN
151.9;NaN;NaN
151.875;NaN;NaN
151.85;NaN;NaN
151.825;NaN;NaN
151.8;NaN;NaN
151.775;NaN;NaN
151.75;NaN;NaN
151.725;NaN;NaN
151.7;NaN;NaN
151.675;NaN;NaN
151.65;NaN;NaN
151.625;NaN;NaN
151.6;NaN;NaN
151.575;NaN;NaN
151.55;NaN;NaN
151.525;NaN;NaN
151.5;NaN;NaN
151.475;NaN;NaN
151.45;NaN;NaN
151.425;NaN;NaN
151.4;NaN;NaN
151.375;NaN;NaN
151.35;NaN;NaN
151.325;NaN;NaN
151.3;NaN;NaN
151.275;NaN;NaN
151.25;NaN;NaN
151.225;NaN;NaN
151.2;NaN;NaN
151.175;NaN;NaN
151.15;NaN;NaN
151.125;NaN;NaN
151.1;NaN;NaN
151.075;NaN;NaN
151.05;NaN;NaN
151.025;NaN;NaN
151;NaN;NaN
